Sentence_ID,Token,Lemma,Tag
1,Je,byť,VB-S---3P-AA---
1,už,už,XX-------------
1,skoro,skoro,Dg-------1A----
1,október,október,NNIS4-----A----
1,a,a-1,J^-------------
1,v,v-1,RR--6----------
1,škole,škola,NNFS6-----A----
1,opakujeme,opakovať,VB-P---1P-AA---
1,učivo,učivo,NNNS4-----A----
1,zo,z-1,RV--2----------
1,všetkých,všetko,PLXP2----------
1,predmetov,predmet,NNIP2-----A----
1,.,.,Z:-------------
2,Ani,ani,J^-------------
2,sme,byť,VB-P---1P-AA---
2,sa,sa_^(zvr._zámeno;_častica),P7-X4----------
2,nenazdali,nazdať,VpXP---XR-NA---
2,a,a-1,J^-------------
2,ocitli,ocitnúť,VpXP---XR-AA---
2,sme,byť,VB-P---1P-AA---
2,sa,sa_^(zvr._zámeno;_častica),P7-X4----------
2,v,v-1,RR--6----------
2,deviatom,deviaty,CrIS6----------
2,ročníku,ročník,NNIS6-----A----
2,.,.,Z:-------------
3,Myslíme,myslieť,VB-P---1P-AA---
3,si,sa_^(zvr._zámeno;_častica),P7-X3----------
3,",",",",Z:-------------
3,že,že,"J,-------------"
3,tento,tento,PDIS1----------
3,posledný,posledný,AAIS1----1A----
3,ročník,ročník,NNIS1-----A----
3,v,v-1,RR--6----------
3,našej,môj_^(privlast.),PSFS6-P1-------
3,škole,škola,NNFS6-----A----
3,bude,byť,VB-S---3F-AA---
3,náročný,náročný,AAIS1----1A----
3,aj,aj,J^-------------
3,pre,pre-1,RR--4----------
3,žiakov,žiak,NNMP4-----A----
3,",",",",Z:-------------
3,aj,aj,J^-------------
3,pre,pre-1,RR--4----------
3,učiteľov,učiteľ,NNMP4-----A----
3,",",",",Z:-------------
3,aj,aj,J^-------------
3,pre,pre-1,RR--4----------
3,rodičov,rodič,NNMP4-----A----
3,.,.,Z:-------------
4,Najťažšie,ťažký,AANS1----3A----
4,je,byť,VB-S---3P-AA---
4,zopakovať,zopakovať,Vf--------A----
4,si,sa_^(zvr._zámeno;_častica),P7-X3----------
4,pravopis,pravopis,NNIS4-----A----
4,",",",",Z:-------------
4,pretože,pretože,"J,-------------"
4,sme,byť,VB-P---1P-AA---
4,cez,cez-1,RR--4----------
4,prázdniny,prázdniny,NNFP4-----A----
4,veľmi,veľmi,Db-------------
4,nepísali,písať,VpXP---XR-NA---
4,do,do-1,RR--2----------
4,zošitov,zošit,NNIP2-----A----
4,",",",",Z:-------------
4,ale,ale,J^-------------
4,sme,byť,VB-P---1P-AA---
4,sa,sa_^(zvr._zámeno;_častica),P7-X4----------
4,vozili,voziť,VpXP---XR-AA---
4,na,na-1,RR--6----------
4,bicykli,bicykel,NNIS6-----A----
4,",",",",Z:-------------
4,hrali,hrať,VpXP---XR-AA---
4,futbal,futbal,NNIS4-----A----
4,",",",",Z:-------------
4,počítačové,počítačový,AAFP1----1A----
4,hry,hra,NNFP1-----A----
4,",",",",Z:-------------
4,pozerali,pozerať,VpXP---XR-AA---
4,seriály,seriál,NNIP4-----A----
4,alebo,alebo,J^-------------
4,sa,sa_^(zvr._zámeno;_častica),P7-X4----------
4,opaľovali,opaľovať,VpXP---XR-AA---
4,pri,pri-1,RR--6----------
4,bazéne,bazén,NNIS6-----A----
4,.,.,Z:-------------
5,Boli,byť,VpXP---XR-AA---
5,sme,byť,VB-P---1P-AA---
5,aj,aj,J^-------------
5,v,v-1,RR--6----------
5,zoologickej,zoologický,AAFS6----1A----
5,záhrade,záhrada,NNFS6-----A----
5,v,v-1,RR--6----------
5,Bratislave,Bratislava_;G,NNFS6-----A----
5,",",",",Z:-------------
5,kde,kde,Db-------------
5,sme,byť,VB-P---1P-AA---
5,videli,vidieť,VpXP---XR-AA---
5,hady,had,NNIP4-----A----
5,",",",",Z:-------------
5,leopardy,leopard,NNIP4-----A----
5,",",",",Z:-------------
5,paviány,pavián,NNIP4-----A----
5,",",",",Z:-------------
5,slony,slon,NNIP4-----A----
5,a,a-1,J^-------------
5,medvede,medveď,NNIP4-----A----
5,.,.,Z:-------------
6,Keď,keď,"J,-------------"
6,posielame,posielať,VB-P---1P-AA---
6,správy,správa-1_^(spravovanie;_inštitúcia),NNFP4-----A----
6,z,z-1,RR--2----------
6,mobilných,mobilný,AAIP2----1A----
6,telefónov,telefón,NNIP2-----A----
6,",",",",Z:-------------
6,takmer,takmer,Db-------------
6,nikto,nikto,PWM-%----------
6,nepoužíva,používať,VB-S---3P-NA---
6,interpunkčné,interpunkčný,AANP4----1A----
6,znamienka,znamienko,NNNP4-----A----
6,.,.,Z:-------------
7,Pozabúdali,Pozabúdali,X@-------------
7,sme,byť,VB-P---1P-AA---
7,morfológiu,morfológia,NNFS4-----A----
7,aj,aj,J^-------------
7,syntax,syntax,NNFS4-----A----
7,.,.,Z:-------------
8,Častokrát,častokrát,Co-------------
8,si,sa_^(zvr._zámeno;_častica),P7-X3----------
8,nespomenieme,spomenúť,VB-P---1P-NA---
8,",",",",Z:-------------
8,kde,kde,Db-------------
8,sa,sa_^(zvr._zámeno;_častica),P7-X4----------
8,píše,písať,VB-S---3P-AA---
8,čiarka,čiarka,NNFS1-----A----
8,vo,v-1,RV--6----------
8,vete,veta-1_^(komunikačná_jednotka_jazyka),NNFS6-----A----
8,.,.,Z:-------------
9,Takmer,takmer,Db-------------
9,z,z-1,RR--2----------
9,každého,každý,AAIS2----1A----
9,predmetu,predmet,NNIS2-----A----
9,nás,ja,PP-P4--1-------
9,čaká,čakať,VB-S---3P-AA---
9,vstupný,vstupný,AAIS1----1A----
9,test,test,NNIS1-----A----
9,",",",",Z:-------------
9,aby,aby,"J,-------------"
9,si,sa_^(zvr._zámeno;_častica),P7-X3----------
9,pani,pani,NNFS1-----A----
9,učiteľky,učiteľka_^(*2),NNFS2-----A----
9,overili,overiť,VpXP---XR-AA---
9,",",",",Z:-------------
9,čo,čo,PQ--4----------
9,všetko,všetko,PLNS4----------
9,vieme,"vedieť_^(mať_vedomosti,_informácie)",VB-P---1P-AA---
9,alebo,alebo,J^-------------
9,nevieme,"vedieť_^(mať_vedomosti,_informácie)",VB-P---1P-NA---
9,.,.,Z:-------------
10,O,o-1,RR--4----------
10,pár,pár-1_^(dvojica_[vecí;_manželia]),NNIS4-----A----
10,mesiacov,mesiac,NNIP2-----A----
10,nás,ja,PP-P4--1-------
10,čakajú,čakať,VB-P---3P-AA---
10,dôležité,dôležitý,AAFP1----1A----
10,prijímacie,prijímací_^(*2ť),AAFP1----1A----
10,skúšky,skúška,NNFP1-----A----
10,na,na-1,RR--4----------
10,stredné,stredný,AAFP4----1A----
10,školy,škola,NNFP4-----A----
10,.,.,Z:-------------
11,Musíme,musieť,VB-P---1P-AA---
11,sa,sa_^(zvr._zámeno;_častica),P7-X4----------
11,dobre,dobre,Dg-------1A----
11,pripraviť,pripraviť,Vf--------A----
11,",",",",Z:-------------
11,aby,aby,"J,-------------"
11,sme,byť,VB-P---1P-AA---
11,si,sa_^(zvr._zámeno;_častica),P7-X3----------
11,splnili,splniť,VpXP---XR-AA---
11,sny,sen,NNIP4-----A----
11,o,o-1,RR--6----------
11,svojom,svoj_^(privlast.),P8IS6----------
11,budúcom,budúci,AANS6----1A----
11,povolaní,povolanie_^(*3ť),NNNS6-----A----
11,.,.,Z:-------------
12,Výchovno,výchovný,A2-------------
12,-,-,Z:-------------
12,vzdelávací,vzdelávací_^(*2ť),AAIS1----1A----
12,proces,proces,NNIS1-----A----
12,v,v-1,RR--6----------
12,školskom,školský,AAIS6----1A----
12,roku,rok,NNIS6-----A----
12,2020,2020,C=-------------
12,/,/,Z:-------------
12,2021,2021,C=-------------
12,je,byť,VB-S---3P-AA---
12,v,v-1,RR--6----------
12,plnom,plný,AAIS6----1A----
12,prúde,prúd,NNIS6-----A----
12,.,.,Z:-------------
13,Na,na-1,RR--4----------
13,cestu,cesta_^(napr._kde_jazdia_autá),NNFS4-----A----
13,za,za-1,RR--7----------
13,poznaním,poznanie_^(*3ť),NNNS7-----A----
13,interpunkčných,interpunkčný,AANP2----1A----
13,znamienok,znamienko,NNNP2-----A----
13,sme,byť,VB-P---1P-AA---
13,sa,sa_^(zvr._zámeno;_častica),P7-X4----------
13,však,však,J^-------------
13,vydali,vydať,VpXP---XR-AA---
13,už,už,XX-------------
13,v,v-1,RR--6----------
13,1,1,C=-------------
13,.,.,Z:-------------
13,ročníku,ročník,NNIS6-----A----
13,.,.,Z:-------------
14,Zoznamovali,zoznamovať,VpXP---XR-AA---
14,sme,byť,VB-P---1P-AA---
14,sa,sa_^(zvr._zámeno;_častica),P7-X4----------
14,s,s-1,RR--7----------
14,nimi,on-1,PPMP7--3-------
14,vo,v-1,RV--6----------
14,všetkých,všetko,PLXP6----------
14,predmetoch,predmet,NNIP6-----A----
14,.,.,Z:-------------
15,Na,na-1,RR--6----------
15,hodinách,hodina_^(jednotka_času),NNFP6-----A----
15,slovenčiny,slovenčina,NNFS2-----A----
15,nás,ja,PP-P4--1-------
15,zaujali,zaujať,VpXP---XR-AA---
15,milé,milý-2_^(osoba;_pr._môj_milý),AAIP1----1A----
15,verše,verš,NNIP1-----A----
15,Márie,Mária_;Y,NNFS2-----A----
15,Rázusovej,Rázusovej,X@-------------
15,-,-,Z:-------------
15,Martákovej,Martákovej,X@-------------
15,i,i-1,J^-------------
15,povesti,povesť,NNFS3-----A----
15,Jozefa,Jozefa_;Y,NNFS1-----A----
15,Cígera,Cígera,X@-------------
15,-,-,Z:-------------
15,Hronského,Hronský,AAMS4----1A----
15,.,.,Z:-------------
16,Neskôr,neskoro,Dg-------2A----
16,sme,byť,VB-P---1P-AA---
16,spoznávali,spoznávať,VpXP---XR-AA---
16,múdrosť,múdrosť_^(*3y),NNFS4-----A----
16,našich,môj_^(privlast.),PSXP2-P1-------
16,predkov,predok,NNMP2-----A----
16,v,v-1,RR--6----------
16,prísloviach,príslovie,NNNP6-----A----
16,:,:,Z:-------------
16,mladosť,mladosť_^(*3ý),NNFS1-----A----
16,–,–,Z:-------------
16,pochabosť,pochabosť,X@-------------
16,",",",",Z:-------------
16,staroba,staroba,NNFS1-----A----
16,–,–,Z:-------------
16,choroba,choroba,NNFS1-----A----
16,",",",",Z:-------------
16,sľuboval,sľubovať,VpYS---XR-AA---
16,hory,hora_^(kopec;_les),NNFP4-----A----
16,–,–,Z:-------------
16,doly,doly,X@-------------
16,a,a-1,J^-------------
16,nepodá,podať,VB-S---3P-NA---
16,pohár,pohár,NNIS4-----A----
16,vody,voda,NNFS2-----A----
16,",",",",Z:-------------
16,sto,sto`100,NNNS4-----A----
16,hláv,hlava,NNFP2-----A----
16,–,–,Z:-------------
16,sto,sto`100,NNNS4-----A----
16,rozumov,rozum,NNIP2-----A----
16,.,.,Z:-------------
17,V,v-1,RR--6----------
17,dejepise,dejepis,NNIS6-----A----
17,sme,byť,VB-P---1P-AA---
17,sa,sa_^(zvr._zámeno;_častica),P7-X4----------
17,učili,učiť,VpXP---XR-AA---
17,o,o-1,RR--4----------
17,Rakúsko,Rakúsko_;G,NNNS4-----A----
17,-,-,Z:-------------
17,Uhorsku,Uhorsko_;G,NNNS6-----A----
17,i,i-1,J^-------------
17,rozdelení,rozdelenie_^(*4iť),NNNS6-----A----
17,Česko,český,A2-------------
17,-,-,Z:-------------
17,Slovenska,Slovensko_;G,NNNS2-----A----
17,.,.,Z:-------------
17,",",",",Z:-------------
17,",",",",Z:-------------
17,Zem,zem,NNFS1-----A----
17,obieha,obiehať,VB-S---3P-AA---
17,okolo,okolo-1,RR--2----------
17,Slnka,slnko,NNNS2-----A----
17,priemernou,priemerný,AAFS7----1A----
17,rýchlosťou,rýchlosť_^(*3y),NNFS7-----A----
17,"29,8","29,8",C=-------------
17,km,km-1_:B,NNIXX-----A---8
17,/,/,Z:-------------
17,s,sekunda_:B,NNFXX-----A---8
17,",",",",Z:-------------
17,“,“,Z:-------------
17,odznelo,odznieť,VpNS---XR-AA---
17,na,na-1,RR--6----------
17,fyzike,fyzika_^(veda),NNFS6-----A----
17,.,.,Z:-------------
18,Voľky,voľky,A2-------------
18,-,-,Z:-------------
18,nevoľky,nevoľky,XX-------------
18,sme,byť,VB-P---1P-AA---
18,riešili,riešiť,VpXP---XR-AA---
18,i,i-1,J^-------------
18,príklady,príklad,NNIP1-----A----
18,na,na-1,RR--4----------
18,pohyb,pohyb,NNIS4-----A----
18,i,i-1,J^-------------
18,v,v-1,RR--6----------
18,matematike,matematika_^(veda),NNFS6-----A----
18,.,.,Z:-------------
19,Našimi,môj_^(privlast.),PSXP7-P1-------
19,vernými,verný,AAMP7----1A----
19,pomocníkmi,pomocník,NNMP7-----A----
19,na,na-1,RR--6----------
19,angličtine,angličtina,NNFS6-----A----
19,sú,byť,VB-P---3P-AA---
19,anglicko,anglický,A2-------------
19,-,-,Z:-------------
19,slovenské,slovenský,AAIP1----1A----
19,slovníky,slovník,NNIP1-----A----
19,.,.,Z:-------------
20,Blíži,blížiť,VB-S---3P-AA---
20,sa,sa_^(zvr._zámeno;_častica),P7-X4----------
20,čas,čas,NNIS1-----A----
20,Vianoc,vianoce,NNFP2-----A----
20,.,.,Z:-------------
21,Hurá,hurá,II-------------
21,!,!,Z:-------------
22,Budeme,byť,VB-P---1F-AA---
22,písať,písať,Vf--------A----
22,esemesky,esemesky,X@-------------
22,k,k-1,RR--3----------
22,Vianociam,Vianociam,X@-------------
22,aj,aj,J^-------------
22,s,s-1,RR--7----------
22,interpunkciou,interpunkcia,NNFS7-----A----
22,?,?,Z:-------------
23,O,o-1,RR--6----------
23,pohánke,pohánka,NNFS6-----A----
23,sa,sa_^(zvr._zámeno;_častica),P7-X4----------
23,tradujú,tradovať,VB-P---3P-AA---
23,tri,tri`3,ClIP1----------
23,chýry,chýr,NNIP1-----A----
23,",",",",Z:-------------
23,z,z-1,RR--2----------
23,ktorých,ktorý,P4XP2----------
23,dva,dva`2,ClIP1----------
23,sú,byť,VB-P---3P-AA---
23,zaručene,zaručene_^(*3iť),Dg-------1A----
23,nepravdivé,pravdivý,AAFP1----1N----
23,.,.,Z:-------------
24,Hovorí,hovoriť_^(rozprávať),VB-S---3P-AA---
24,sa,sa_^(zvr._zámeno;_častica),P7-X4----------
24,",",",",Z:-------------
24,že,že,"J,-------------"
24,je,byť,VB-S---3P-AA---
24,to,ten,PDNS1----------
24,jedlo,jedlo_^(potrava),NNNS1-----A----
24,chudobných,chudobný,AAIP2----1A----
24,.,.,Z:-------------
25,Naši,môj_^(privlast.),PSMP1-P1-------
25,predkovia,predok,NNMP1-----A----
25,mali,mať_^(vlastniť),VpXP---XR-AA---
25,pohánkovú,pohánkový,AAFS4----1A----
25,kašu,kaša,NNFS4-----A----
25,na,na-1,RR--6----------
25,stole,stôl,NNIS6-----A----
25,častejšie,často_^(*1ý),Dg-------2A----
25,ako,ako,"J,-------------"
25,zemiaky,zemiak,NNIP1-----A----
25,.,.,Z:-------------
26,Dnes,dnes,Db-------------
26,to,ten,PDNS1----------
26,však,však,J^-------------
26,neplatí,platiť,VB-S---3P-NA---
26,",",",",Z:-------------
26,lebo,lebo,"J,-------------"
26,zažíva,zažívať,VB-S---3P-AA---
26,renesanciu,renesancia,NNFS4-----A----
26,najmä,najmä,Db-------------
26,v,v-1,RR--6----------
26,obchodoch,obchod,NNIP6-----A----
26,so,s-1,RV--7----------
26,zdravou,zdravý,AAFS7----1A----
26,výživou,výživa,NNFS7-----A----
26,.,.,Z:-------------
27,Neplatí,platiť,VB-S---3P-NA---
27,ani,ani,J^-------------
27,druhý,druhý-2,CrIS4----------
27,mýtus,mýtus,NNIS4-----A----
27,",",",",Z:-------------
27,ktorý,ktorý,P4MS1----------
27,zaraďuje,zaraďovať,VB-S---3P-AA---
27,pohánku,pohánka,NNFS4-----A----
27,medzi,medzi-1,RR--4----------
27,obilniny,obilnina,NNFP4-----A----
27,.,.,Z:-------------
28,Aj,aj,J^-------------
28,keď,keď,"J,-------------"
28,nejde,ísť,VB-S---3P-NA---
28,o,o-1,RR--4----------
28,obilninu,obilnina,NNFS4-----A----
28,",",",",Z:-------------
28,veľmi,veľmi,Db-------------
28,sa,sa_^(zvr._zámeno;_častica),P7-X4----------
28,na,na-1,RR--4----------
28,ňu,on-1,P5FS4--3-------
28,ponáša,ponášať,VB-S---3P-AA---
28,.,.,Z:-------------
29,Príbuzná,príbuzný-1_^(člen_rodiny),AAFS1----1A----
29,je,byť,VB-S---3P-AA---
29,napríklad,napríklad,TT-------------
29,s,s-1,RR--7----------
29,rebarborou,rebarbora,NNFS7-----A----
29,či,či,J^-------------
29,šťaveľom,šťaveľ,NNIS7-----A----
29,.,.,Z:-------------
30,Stáva,stať-2_^(niečo_sa_prihodilo;_zmena_stavu),VB-S---3P-AA---
30,sa,sa_^(zvr._zámeno;_častica),P7-X4----------
30,neoceniteľnou,oceniteľný,AAFS7----1N----
30,náhradou,náhrada,NNFS7-----A----
30,pre,pre-1,RR--4----------
30,celiatikov,celiatikov,X@-------------
30,a,a-1,J^-------------
30,je,byť,VB-S---3P-AA---
30,vhodná,vhodný,AAFS1----1A----
30,aj,aj,J^-------------
30,pre,pre-1,RR--4----------
30,úplne,úplne_^(*1ý),Dg-------1A----
30,malé,malý,AAFP4----1A----
30,deti,dieťa,NNNP4-----A----
30,.,.,Z:-------------
31,Zvyšuje,zvyšovať,VB-S---3P-AA---
31,pružnosť,pružnosť_^(*3ý),NNFS4-----A----
31,krvných,krvný,AAFP2----1A----
31,ciev,cieva,NNFP2-----A----
31,a,a-1,J^-------------
31,pomáha,pomáhať,VB-S---3P-AA---
31,regulovať,regulovať,Vf--------A----
31,zrážavosť,zrážavosť_^(*3ý),NNFS4-----A----
31,krvi,krv,NNFS2-----A----
31,.,.,Z:-------------
32,Je,byť,VB-S---3P-AA---
32,ľahko,ľahko,Dg-------1A----
32,stráviteľná,stráviteľný,AAFS1----1A----
32,a,a-1,J^-------------
32,obsahuje,obsahovať,VB-S---3P-AA---
32,veľa,veľa,Dg-------1A----
32,vlákniny,vláknina,NNFS2-----A----
32,.,.,Z:-------------
33,Pohánkové,pohánkový,AANS1----1A----
33,zrno,zrno,NNNS1-----A----
33,sa,sa_^(zvr._zámeno;_častica),P7-X4----------
33,podáva,podávať,VB-S---3P-AA---
33,ako,ako,"J,-------------"
33,príloha,príloha,NNFS1-----A----
33,namiesto,miesto-2_^(zámenou_za),RR--2----------
33,ryže,ryža,NNFS2-----A----
33,alebo,alebo,J^-------------
33,ako,ako,"J,-------------"
33,základ,základ,NNIS4-----A----
33,do,do-1,RR--2----------
33,šalátov,šalát,NNIP2-----A----
33,či,či,J^-------------
33,nákypov,nákyp,NNIP2-----A----
33,.,.,Z:-------------
34,Pravdivý,pravdivý,AAIS1----1A----
34,je,byť,VB-S---3P-AA---
34,iba,iba,TT-------------
34,pôvod,pôvod,NNIS1-----A----
34,jej,jeho_^(privlast.),PSXXXFS3-------
34,názvu,názov,NNIS2-----A----
34,.,.,Z:-------------
35,Ten,ten,PDIS1----------
35,jej,on-1_^(dať_jej_niečo),PPFS3--3-------
35,prischol,prischnúť,VpYS---XR-AA---
35,práve,"práve_^(v_tom_okamihu,_súčasne)",Db-------------
35,preto,"preto-1_^(preto;_a_preto,_ale_preto,...)",J^-------------
35,",",",",Z:-------------
35,že,že,"J,-------------"
35,ju,on-1,PPFS4--3-------
35,sem,sem,Db-------------
35,priniesli,priniesť,VpXP---XR-AA---
35,pohania,pohan_^(nekresťan),NNMP1-----A----
35,.,.,Z:-------------
36,Konkrétne,konkrétne_^(*1y),Dg-------1A----
36,Tatári,Tatár,NNMP1-----A----
36,počas,počas,RR--2----------
36,svojich,svoj_^(privlast.),P8XP2----------
36,inváznych,invázny,AAIP2----1A----
36,nájazdov,nájazd,NNIP2-----A----
36,v,v-1,RR--6----------
36,13,13,C=-------------
36,.,.,Z:-------------
36,storočí,storočie,NNNS6-----A----
36,.,.,Z:-------------
37,Milí,milý-2_^(osoba;_pr._môj_milý),AAMP1----1A----
37,deviataci,deviatak,NNMP1-----A----
37,",",",",Z:-------------
37,spomínate,spomínať,VB-P---2P-AA---
37,si,sa_^(zvr._zámeno;_častica),P7-X3----------
37,ešte,ešte,Db-------------
37,na,na-1,RR--4----------
37,svoj,svoj_^(privlast.),P8IS4----------
37,prvý,prvý,CrIS4----------
37,školský,školský,AAIS4----1A----
37,deň,deň,NNIS4-----A----
37,?,?,Z:-------------
38,Bolo,byť,VpNS---XR-AA---
38,to,ten,PDNS1----------
38,pred,pred-1,RR--7----------
38,deviatimi,deväť`9,Cn-S7----------
38,rokmi,rok,NNIP7-----A----
38,",",",",Z:-------------
38,keď,keď,"J,-------------"
38,ste,byť,VB-P---2P-AA---
38,s,s-1,RR--7----------
38,rukou,ruka,NNFS7-----A----
38,v,v-1,RR--6----------
38,maminej,mamin_^(jeden_z_rodičov)_(*2a),AUFS6M---------
38,dlani,dlaň,NNFS6-----A----
38,vstúpili,vstúpiť,VpXP---XR-AA---
38,do,do-1,RR--2----------
38,prváckej,prvácky,AAFS2----1A----
38,triedy,trieda,NNFS2-----A----
38,.,.,Z:-------------
39,So,s-1,RV--7----------
39,zatajeným,zatajený_^(*3iť),AAIS7----1A----
39,dychom,dych,NNIS7-----A----
39,ste,byť,VB-P---2P-AA---
39,počúvali,počúvať,VpXP---XR-AA---
39,milé,milý-1_^(príjemný),AANP4----1A----
39,slová,slovo,NNNP4-----A----
39,pani,pani,NNFS1-----A----
39,učiteľky,učiteľka_^(*2),NNFS2-----A----
39,.,.,Z:-------------
40,Postupne,postupne_^(*1ý),Dg-------1A----
40,ste,byť,VB-P---2P-AA---
40,sa,sa_^(zvr._zámeno;_častica),P7-X4----------
40,naučili,naučiť,VpXP---XR-AA---
40,prvé,prvý,CrNS4----------
40,písmená,písmeno,NNNP4-----A----
40,",",",",Z:-------------
40,zvládli,zvládnuť,VpXP---XR-AA---
40,ste,byť,VB-P---2P-AA---
40,prečítať,prečítať,Vf--------A----
40,aj,aj,J^-------------
40,prvé,prvý,CrFP4----------
40,slabiky,slabika,NNFP4-----A----
40,a,a-1,J^-------------
40,slová,slovo,NNNP4-----A----
40,.,.,Z:-------------
41,Detské,detský,AAIP1----1A----
41,roky,rok,NNIP1-----A----
41,v,v-1,RR--6----------
41,škole,škola,NNFS6-----A----
41,ubehli,ubehnúť,VpXP---XR-AA---
41,ako,ako,"J,-------------"
41,voda,voda,NNFS1-----A----
41,a,a-1,J^-------------
41,zrazu,zrazu,Db-------------
41,ste,byť,VB-P---2P-AA---
41,stáli,stáť-1_^(niekto[niečo]_stojí_[na_nohách]),VpXP---XR-AA---
41,pred,pred-1,RR--7----------
41,ťažkým,ťažký,AANS7----1A----
41,rozhodnutím,rozhodnutie_^(*4úť),NNNS7-----A----
41,.,.,Z:-------------
42,Niektorí,niektorý,PZMP1----------
42,riešili,riešiť,VpXP---XR-AA---
42,dilemu,dilema,NNFS4-----A----
42,",",",",Z:-------------
42,ktorú,ktorý,P4FS4----------
42,strednú,stredný,AAFS4----1A----
42,školu,škola,NNFS4-----A----
42,si,sa_^(zvr._zámeno;_častica),P7-X3----------
42,vybrať,vybrať,Vf--------A----
42,.,.,Z:-------------
43,Napokon,napokon,Db-------------
43,ste,byť,VB-P---2P-AA---
43,sa,sa_^(zvr._zámeno;_častica),P7-X4----------
43,prihlásili,prihlásiť,VpXP---XR-AA---
43,tam,tam,Db-------------
43,",",",",Z:-------------
43,kde,kde,Db-------------
43,vidíte,vidieť,VB-P---2P-AA---
43,svoje,svoj_^(privlast.),P8NS4----------
43,uplatnenie,uplatnenie_^(*4iť),NNNS4-----A----
43,v,v-1,RR--6----------
43,ďalšom,ďalší,AAIS6----1A----
43,živote,život,NNIS6-----A----
43,.,.,Z:-------------
44,Teraz,teraz,Db-------------
44,si,sa_^(zvr._zámeno;_častica),P7-X3----------
44,určite,určite,Dg-------1A----
44,užijete,užiť,VB-P---2P-AA---
44,letné,letný,AAFP4----1A----
44,prázdniny,prázdniny,NNFP4-----A----
44,",",",",Z:-------------
44,mnohí,mnohý,AAMP1----1A----
44,v,v-1,RR--6----------
44,dovolenkových,dovolenkový,AAFP6----1A----
44,destináciách,destinácia,NNFP6-----A----
44,nielen,nielen,J^-------------
44,na,na-1,RR--6----------
44,Slovensku,Slovensko_;G,NNNS6-----A----
44,",",",",Z:-------------
44,ale,ale,J^-------------
44,aj,aj,J^-------------
44,v,v-1,RR--6----------
44,iných,iný,AAFP6----1A----
44,európskych,európsky,AAFP6----1A----
44,krajinách,krajina,NNFP6-----A----
44,.,.,Z:-------------
45,V,v-1,RR--6----------
45,septembri,september,NNIS6-----A----
45,vás,ty,PP-P4--2-------
45,privíta,privítať,VB-S---3P-AA---
45,stredná,stredný,AAFS1----1A----
45,škola,škola,NNFS1-----A----
45,s,s-1,RR--7----------
45,novými,nový,AAMP7----1A----
45,priateľmi,priateľ,NNMP7-----A----
45,i,i-1,J^-------------
45,učiteľmi,učiteľ,NNMP7-----A----
45,.,.,Z:-------------
46,Mnohí,mnohý,AAMP1----1A----
46,máte,mať_^(vlastniť),VB-P---2P-AA---
46,ambície,ambícia,NNFP4-----A----
46,úspešne,úspešne_^(*1ý),Dg-------1A----
46,zmaturovať,zmaturovať,Vf--------A----
46,a,a-1,J^-------------
46,potom,potom_^(neskôr),Db-------------
46,sa,sa_^(zvr._zámeno;_častica),P7-X4----------
46,prihlásiť,prihlásiť,Vf--------A----
46,na,na-1,RR--4----------
46,vysokoškolské,vysokoškolský,AANS4----1A----
46,štúdium,štúdium_^(vedecký_výskum;_študovanie_[VŠ]),NNNS4-----A----
46,.,.,Z:-------------
47,Tak,tak,Db-------------
47,veľa,veľa,Dg-------1A----
47,zdaru,zdar,NNIS2-----A----
47,a,a-1,J^-------------
47,životných,životný,AAIP2----1A----
47,úspechov,úspech,NNIP2-----A----
47,",",",",Z:-------------
47,milí,milý-2_^(osoba;_pr._môj_milý),AAMP1----1A----
47,deviataci,deviatak,NNMP1-----A----
47,!,!,Z:-------------
48,Na,na-1,RR--6----------
48,školských,školský,AAIP6----1A----
48,výletoch,výlet,NNIP6-----A----
48,spoznávame,spoznávať,VB-P---1P-AA---
48,krásy,krása,NNFP4-----A----
48,Slovenska,Slovensko_;G,NNNS2-----A----
48,",",",",Z:-------------
48,kultúrne,kultúrny,AAFP4----1A----
48,a,a-1,J^-------------
48,historické,historický,AAFP4----1A----
48,pamiatky,pamiatka,NNFP4-----A----
48,.,.,Z:-------------
49,Siedmy,siedmy,AAIS1----1A----
49,jún,jún,NNIS1-----A----
49,bol,byť,VpYS---XR-AA---
49,naším,môj_^(privlast.),PSIS7-P1-------
49,výletným,výletný,AAIS7----1A----
49,dňom,deň,NNIS7-----A----
49,.,.,Z:-------------
50,Triedni,triedny,AAMP1----1A----
50,učitelia,učiteľ,NNMP1-----A----
50,odcestovali,odcestovať,VpXP---XR-AA---
50,s,s-1,RR--7----------
50,dvadsiatimi,dvadsať`20,Cn-S7----------
50,štyrmi,štyri`4,ClXP7----------
50,siedmakmi,siedmak,NNMP7-----A----
50,na,na-1,RR--4----------
50,sever,sever,NNIS4-----A----
50,Slovenska,Slovensko_;G,NNNS2-----A----
50,.,.,Z:-------------
51,Dominantou,dominanta,NNFS7-----A----
51,Oravy,Orava_;G,NNFS2-----A----
51,je,byť,VB-S---3P-AA---
51,Oravský,Oravský,AAIS1----1A----
51,hrad,hrad,NNIS1-----A----
51,a,a-1,J^-------------
51,Oravská,Oravský,AAFS1----1A----
51,priehrada,priehrada,NNFS1-----A----
51,.,.,Z:-------------
52,Niektorí,niektorý,PZMP1----------
52,žiaci,žiak,NNMP1-----A----
52,navštívili,navštíviť,VpXP---XR-AA---
52,túto,tento,PDFS4----------
52,lokalitu,lokalita,NNFS4-----A----
52,druhýkrát,druhýkrát,Cv-------------
52,.,.,Z:-------------
53,Dozvedeli,dozvedieť,VpXP---XR-AA---
53,sme,byť,VB-P---1P-AA---
53,sa,sa_^(zvr._zámeno;_častica),P7-X4----------
53,o,o-1,RR--6----------
53,piatich,päť`5,Cn-S6----------
53,zatopených,zatopený_^(*3iť),AAFP6----1A----
53,dedinách,dedina,NNFP6-----A----
53,",",",",Z:-------------
53,ktoré,ktorý,P4FP1----------
53,zmizli,zmiznúť,VpXP---XR-AA---
53,pod,pod-1,RR--7----------
53,vodou,voda,NNFS7-----A----
53,v,v-1,RR--6----------
53,päťdesiatych,päťdesiaty,CrXP6----------
53,rokoch,rok,NNIP6-----A----
53,minulého,minulý,AANS2----1A----
53,storočia,storočie,NNNS2-----A----
53,.,.,Z:-------------
54,Priehrada,priehrada,NNFS1-----A----
54,nás,ja,PP-P4--1-------
54,fascinovala,fascinovať,VpFS---XR-AA---
54,tridsiatimi,tridsať`30,Cn-S7----------
54,ôsmimi,osem`8,Cn-S7----------
54,metrami,metro_^(podzemná_železnica),NNNP7-----A----
54,hĺbky,hĺbka,NNFS2-----A----
54,pri,pri-1,RR--6----------
54,priehradnom,priehradný,AAIS6----1A----
54,múre,múr_^(stena),NNIS6-----A----
54,.,.,Z:-------------
55,Oravským,Oravský,AAIS7----1A----
55,hradom,hrad,NNIS7-----A----
55,nás,ja,PP-P4--1-------
55,previedla,previesť,VpFS---XR-AA---
55,sympatická,sympatický,AAFS1----1A----
55,sprievodkyňa,sprievodkyňa_^(*4ca),NNFS1-----A----
55,.,.,Z:-------------
56,Svoj,svoj_^(privlast.),P8IS4----------
56,výklad,výklad,NNIS4-----A----
56,o,o-1,RR--6----------
56,dávnej,dávny,AAFS6----1A----
56,minulosti,minulosť_^(*3ý),NNFS6-----A----
56,doplnila,doplniť,VpFS---XR-AA---
56,aj,aj,J^-------------
56,fiktívnymi,fiktívny,AAIP7----1A----
56,príbehmi,príbeh,NNIP7-----A----
56,.,.,Z:-------------
57,Na,na-1,RR--6----------
57,hrade,hrad,NNIS6-----A----
57,sa,sa_^(zvr._zámeno;_častica),P7-X4----------
57,niekoľkokrát,niekoľkokrát,Co-------------
57,usadili,usadiť,VpXP---XR-AA---
57,filmári,filmár,NNMP1-----A----
57,.,.,Z:-------------
58,Počas,počas,RR--2----------
58,prehliadky,prehliadka,NNFS2-----A----
58,sme,byť,VB-P---1P-AA---
58,zdolali,zdolať,VpXP---XR-AA---
58,šesťstošesťdesiattri,šesťstošesťdesiattri,X@-------------
58,schodov,schod,NNIP2-----A----
58,.,.,Z:-------------
59,Po,po-1,RR--6----------
59,takomto,takýto,PDIS6----------
59,tréningu,tréning,NNIS6-----A----
59,by,byť,Vc-------------
59,sme,byť,VB-P---1P-AA---
59,mohli,môcť_^(mať_možnosť_[niečo_robiť]),VpXP---XR-AA---
59,ísť,ísť,Vf--------A----
59,aj,aj,J^-------------
59,na,na-1,RR--4----------
59,olympiádu,olympiáda,NNFS4-----A----
59,.,.,Z:-------------
60,Zážitky,zážitok,NNIP4-----A----
60,sme,byť,VB-P---1P-AA---
60,zapísali,zapísať,VpXP---XR-AA---
60,do,do-1,RR--2----------
60,denníkov,denník,NNIP2-----A----
60,.,.,Z:-------------
61,Domov,"domov-1_^(vlasť;_miesto,_kde_sme_doma)",NNIS4-----A----
61,sme,byť,VB-P---1P-AA---
61,sa,sa_^(zvr._zámeno;_častica),P7-X4----------
61,vrátili,vrátiť,VpXP---XR-AA---
61,spokojní,spokojný,AAMP1----1A----
61,.,.,Z:-------------
62,Potulky,potulka,NNFP1-----A----
62,prírodou,príroda,NNFS7-----A----
62,často,často_^(*1ý),Dg-------1A----
62,využívajú,využívať,VB-P---3P-AA---
62,psíčkari,psíčkari,X@-------------
62,a,a-1,J^-------------
62,ich,jeho_^(privlast.),PSXXXXP3-------
62,malé,malý,AAIP4----1A----
62,či,či,J^-------------
62,veľké,veľký,AAIP4----1A----
62,psy,pes_^(domáce_zviera),NNIP4-----A----
62,.,.,Z:-------------
63,Pánmi,pán,NNMP7-----A----
63,vzduchu,vzduch,NNIS2-----A----
63,sú,byť,VB-P---3P-AA---
63,orly,orol,NNIP1-----A----
63,",",",",Z:-------------
63,jastraby,jastrab,NNIP1-----A----
63,alebo,alebo,J^-------------
63,sokoly,sokol,NNIP1-----A----
63,.,.,Z:-------------
64,O,o-1,RR--6----------
64,medveďovi,medveď,NNMS6-----A----
64,však,však,J^-------------
64,sníva,snívať,VB-S---3P-AA---
64,asi,asi,TT-------------
64,málokto,málokto,PZM-1----------
64,.,.,Z:-------------
65,Les,les,NNIS1-----A----
65,a,a-1,J^-------------
65,príroda,príroda,NNFS1-----A----
65,ukrývajú,ukrývať,VB-P---3P-AA---
65,mnohé,mnohý,AAFP4----1A----
65,divy,diva,NNFP4-----A----
65,",",",",Z:-------------
65,ktoré,ktorý,P4FP4----------
65,sme,byť,VB-P---1P-AA---
65,zatiaľ,zatiaľ,Db-------------
65,neobjavili,objaviť,VpXP---XR-NA---
65,.,.,Z:-------------
66,V,v-1,RR--6----------
66,mokradiach,mokraď,NNFP6-----A----
66,s,s-1,RR--7----------
66,bohatým,bohatý,AAIS7----1A----
66,porastom,"porast_,x",NNIS7-----A----
66,vodných,vodný,AAFP2----1A----
66,rastlín,rastlina,NNFP2-----A----
66,žijú,žiť,VB-P---3P-AA---
66,žaby,žaba,NNFP1-----A----
66,",",",",Z:-------------
66,hrochy,hroch,NNIP1-----A----
66,a,a-1,J^-------------
66,krokodíly,krokodíl,NNIP1-----A----
66,.,.,Z:-------------
67,Obyvateľmi,obyvateľ,NNMP7-----A----
67,oceánov,oceán,NNIP2-----A----
67,sú,byť,VB-P---3P-AA---
67,aj,aj,J^-------------
67,veľryby,veľryba,NNFP1-----A----
67,",",",",Z:-------------
67,medúzy,medúza,NNFP1-----A----
67,i,i-1,J^-------------
67,žraloky,žralok,NNIP1-----A----
67,.,.,Z:-------------
68,Losy,los,NNIP1-----A----
68,a,a-1,J^-------------
68,soby,sob,NNIP1-----A----
68,zase,zase,Db-------------
68,obývajú,obývať,VB-P---3P-AA---
68,tundry,tundra,NNFP1-----A----
68,.,.,Z:-------------
69,Veľké,veľký,AAFP1----1A----
69,ťažkosti,ťažkosť_^(*3ý),NNFP1-----A----
69,im,on-1,PPMP3--3-------
69,spôsobuje,spôsobovať,VB-S---3P-AA---
69,hmyz,hmyz,NNIS4-----A----
69,.,.,Z:-------------
70,V,v-1,RR--6----------
70,zoologickej,zoologický,AAFS6----1A----
70,záhrade,záhrada,NNFS6-----A----
70,sme,byť,VB-P---1P-AA---
70,videli,vidieť,VpXP---XR-AA---
70,pštrosy,pštros,NNIP4-----A----
70,",",",",Z:-------------
70,levy,lev,NNIP4-----A----
70,",",",",Z:-------------
70,žirafy,žirafa,NNFP4-----A----
70,",",",",Z:-------------
70,cudzokrajné,cudzokrajný,AAIP1----1A----
70,vtáky,vták,NNIP1-----A----
70,i,i-1,J^-------------
70,zúrivé,zúrivý,AAIP1----1A----
70,psy,pes_^(domáce_zviera),NNIP1-----A----
70,.,.,Z:-------------
71,Pri,pri-1,RR--6----------
71,ohrade,ohrada,NNFS6-----A----
71,zavýjali,zavýjali,X@-------------
71,besní,besniť,VB-S---3P-AA---
71,psi,pes_^(domáce_zviera),NNMP1-----A----
71,a,a-1,J^-------------
71,zúriví,zúrivý,AAMP1----1A----
71,vlci,vlk,NNMP1-----A----
71,.,.,Z:-------------
72,Ráno,ráno_^(začiatok_dňa),NNNS1-----A----
72,sa,sa_^(zvr._zámeno;_častica),P7-X4----------
72,Eskimáci,Eskimák_;E,NNMP1-----A----
72,chystajú,chystať,VB-P---3P-AA---
72,na,na-1,RR--4----------
72,lov,lov_^(poľovačka),NNIS4-----A----
72,mrožov,mrož,NNIP2-----A----
72,.,.,Z:-------------
73,Poľovníci,poľovník,NNMP1-----A----
73,idú,ísť,VB-P---3P-AA---
73,so,s-1,RV--7----------
73,svojimi,svoj_^(privlast.),P8XP7----------
73,psami,pes_^(domáce_zviera),NNMP7-----A----
73,.,.,Z:-------------
74,Títo,tento,PDMP1----------
74,psi,pes_^(domáce_zviera),NNMP1-----A----
74,majú,mať_^(vlastniť),VB-P---3P-AA---
74,často,často_^(*1ý),Dg-------1A----
74,do,do-1,RR--2----------
74,krvi,krv,NNFS2-----A----
74,zodraté,zodrať,VsIP---XX-AP---
74,paprčky,paprčky,X@-------------
74,.,.,Z:-------------
75,Povetrím,povetrie,NNNS7-----A----
75,sa,sa_^(zvr._zámeno;_častica),P7-X4----------
75,ozývajú,ozývať,VB-P---3P-AA---
75,radostné,radostný,AAIP1----1A----
75,výkriky,výkrik,NNIP1-----A----
75,lovcov,lovec,NNMP2-----A----
75,.,.,Z:-------------
76,Umiestňovanie,umiestňovanie_^(*3ť),NNNS1-----A----
76,reklám,reklama,NNFP2-----A----
76,na,na-1,RR--4----------
76,mantinely,mantinel,NNIP4-----A----
76,zimných,zimný,AAIP2----1A----
76,štadiónov,štadión,NNIP2-----A----
76,je,byť,VB-S---3P-AA---
76,dobrým,dobrý,AAIS7----1A----
76,marketingovým,marketingový,AAIS7----1A----
76,ťahom,ťah,NNIS7-----A----
76,.,.,Z:-------------
77,Na,na-1,RR--6----------
77,mantineli,mantinel,NNIS6-----A----
77,vpravo,vpravo,Db-------------
77,dominovalo,dominovať,VpNS---XR-AA---
77,logo,logo,NNNS1-----A----
77,známej,známy,AAFS2----1A----
77,automobilky,automobilka,NNFS2-----A----
77,.,.,Z:-------------
78,V,v-1,RR--6----------
78,decembri,december,NNIS6-----A----
78,na,na-1,RR--6----------
78,svetovom,svetový,AAIS6----1A----
78,šampionáte,šampionát,NNIS6-----A----
78,v,v-1,RR--6----------
78,krasokorčuľovaní,krasokorčuľovanie,NNNS6-----A----
78,malo,mať_^(vlastniť),VpNS---XR-AA---
78,aj,aj,J^-------------
78,Slovensko,Slovensko_;G,NNNS1-----A----
78,v,v-1,RR--6----------
78,medzinárodnej,medzinárodný,AAFS6----1A----
78,skupine,skupina,NNFS6-----A----
78,svojho,svoj_^(privlast.),P8IS2----------
78,zástupcu,zástupca,NNMS2-----A----
78,.,.,Z:-------------
79,Zahraniční,zahraničný,AAMP1----1A----
79,pretekári,pretekár,NNMP1-----A----
79,",",",",Z:-------------
79,tréneri,tréner,NNMP1-----A----
79,aj,aj,J^-------------
79,novinári,novinár,NNMP1-----A----
79,boli,byť,VpXP---XR-AA---
79,ubytovaní,ubytovať,VsMP---XX-AP---
79,v,v-1,RR--6----------
79,novom,nový,AAIS6----1A----
79,hoteli,hotel,NNIS6-----A----
79,.,.,Z:-------------
80,Od,od-1,RR--2----------
80,domova,"domov-1_^(vlasť;_miesto,_kde_sme_doma)",NNIS2-----A----
80,ich,on-1_^(vidím_ich),PPMP4--3-------
80,delili,deliť,VpXP---XR-AA---
80,kilometre,kilometer,NNIP4-----A----
80,.,.,Z:-------------
81,V,v-1,RR--6----------
81,areáli,areál,NNIS6-----A----
81,hotela,hotel,NNIS2-----A----
81,sa,sa_^(zvr._zámeno;_častica),P7-X4----------
81,poskytovali,poskytovať,VpXP---XR-AA---
81,rôzne,rôzny,AAFP1----1A----
81,služby,služba,NNFP1-----A----
81,",",",",Z:-------------
81,ktoré,ktorý,P4FP4----------
81,hostia,hosť_^(návšteva),NNMP1-----A----
81,radi,rád-1_^(s_radosťou),ACMP------A----
81,využívali,využívať,VpXP---XR-AA---
81,.,.,Z:-------------
82,V,v-1,RR--6----------
82,kinosále,kinosála,NNFS6-----A----
82,bol,byť,VpYS---XR-AA---
82,najväčší,veľký,AAIS1----3A----
82,záujem,záujem,NNIS1-----A----
82,o,o-1,RR--4----------
82,trilery,trilery,X@-------------
82,",",",",Z:-------------
82,iné,iný,AAIP1----1A----
82,filmové,filmový,AAIP1----1A----
82,žánre,žáner,NNIP1-----A----
82,sa,sa_^(zvr._zámeno;_častica),P7-X4----------
82,netešili,tešiť,VpXP---XR-NA---
82,veľkej,veľký,AAFS3----1A----
82,obľube,obľuba,NNFS3-----A----
82,.,.,Z:-------------
83,V,v-1,RR--6----------
83,posilňovniach,posilňovňa,NNFP6-----A----
83,sa,sa_^(zvr._zámeno;_častica),P7-X4----------
83,využívali,využívať,VpXP---XR-AA---
83,najmä,najmä,Db-------------
83,stacionárne,stacionárny,AAIP4----1A----
83,bicykle,bicykel,NNIP4-----A----
83,.,.,Z:-------------
84,Luxusnú,luxusný,AAFS4----1A----
84,kaviareň,kaviareň,NNFS4-----A----
84,osvetľovali,osvetľovať,VpXP---XR-AA---
84,moderné,moderný,AAIP4----1A----
84,lustre,luster,NNIP4-----A----
84,a,a-1,J^-------------
84,príjemnú,príjemný,AAFS4----1A----
84,atmosféru,atmosféra,NNFS4-----A----
84,dotvárala,dotvárať,VpFS---XR-AA---
84,tichá,tichý,AAFS1----1A----
84,hudba,hudba,NNFS1-----A----
84,hraná,hraný_^(*2ť),AAFS1----1A----
84,na,na-1,RR--6----------
84,klavíri,"klavír_,x",NNIS6-----A----
84,.,.,Z:-------------
85,V,v-1,RR--6----------
85,závere,záver,NNIS6-----A----
85,pretekov,pretek,NNIP2-----A----
85,bolo,byť,VpNS---XR-AA---
85,stretnutie,stretnutie_^(*4úť),NNNS1-----A----
85,najlepších,dobrý,AAMP2----3A----
85,skokanov,skokan,NNMP2-----A----
85,.,.,Z:-------------
86,Slovenskí,slovenský,AAMP1----1A----
86,krasokorčuliari,krasokorčuliar,NNMP1-----A----
86,medaily,medaila,NNFP4-----A----
86,síce,síce,J^-------------
86,nezískali,získať,VpXP---XR-NA---
86,",",",",Z:-------------
86,no,no,TT-------------
86,nemožno,možno_^(*1ý),Dg-------1N----
86,hovoriť,hovoriť_^(rozprávať),Vf--------A----
86,ani,ani,J^-------------
86,o,o-1,RR--6----------
86,ich,jeho_^(privlast.),PSXXXXP3-------
86,debakli,debakel,NNIS6-----A----
86,.,.,Z:-------------
87,Klíma,klíma,NNFS1-----A----
87,na,na-1,RR--6----------
87,našej,môj_^(privlast.),PSFS6-P1-------
87,Zemi,zem,NNFS6-----A----
87,sa,sa_^(zvr._zámeno;_častica),P7-X4----------
87,neustále,neustále,Db-------------
87,mení,meniť,VB-S---3P-AA---
87,a,a-1,J^-------------
87,vyvíja,vyvíjať,VB-S---3P-AA---
87,.,.,Z:-------------
88,Na,na-1,RR--4----------
88,klimatický,klimatický,AAIS4----1A----
88,systém,systém,NNIS4-----A----
88,vplývajú,vplývať,VB-P---3P-AA---
88,prírodné,prírodný,AAIP1----1A----
88,procesy,proces,NNIP1-----A----
88,a,a-1,J^-------------
88,rôzne,rôzny,AAIP1----1A----
88,faktory,faktor,NNIP1-----A----
88,.,.,Z:-------------
89,V,v-1,RR--6----------
89,posledných,posledný,AANP6----1A----
89,storočiach,storočie,NNNP6-----A----
89,sa,sa_^(zvr._zámeno;_častica),P7-X4----------
89,k,k-1,RR--3----------
89,týmto,tento,PDXP3----------
89,procesom,proces,NNIP3-----A----
89,pridáva,pridávať,VB-S---3P-AA---
89,aj,aj,J^-------------
89,samotný,samotný,AAMS1----1A----
89,človek,človek,NNMS1-----A----
89,svojou,svoj_^(privlast.),P8FS7----------
89,činnosťou,činnosť_^(*3ý),NNFS7-----A----
89,.,.,Z:-------------
90,Zvyšuje,zvyšovať,VB-S---3P-AA---
90,koncentráciu,koncentrácia,NNFS4-----A----
90,radiačne,radiačne_^(*1ý),Dg-------1A----
90,aktívnych,aktívny,AAIP2----1A----
90,plynov,plyn,NNIP2-----A----
90,atmosféry,atmosféra,NNFS2-----A----
90,",",",",Z:-------------
90,a,a-1,J^-------------
90,tým,ten,PDIS7----------
90,prispieva,prispievať,VB-S---3P-AA---
90,k,k-1,RR--3----------
90,zosilňovaniu,zosilňovanie_^(*3ť),NNNS3-----A----
90,skleníkového,skleníkový,AAIS2----1A----
90,efektu,efekt,NNIS2-----A----
90,.,.,Z:-------------
91,Kroniky,kronika,NNFP1-----A----
91,obsahujú,obsahovať,VB-P---3P-AA---
91,záznamy,záznam,NNIP4-----A----
91,o,o-1,RR--6----------
91,mimoriadnych,mimoriadny,AAIP6----1A----
91,javoch,"jav_,x_^([prírodný]_úkaz)",NNIP6-----A----
91,počasia,počasie,NNNS2-----A----
91,a,a-1,J^-------------
91,klímy,klíma,NNFS2-----A----
91,",",",",Z:-------------
91,o,o-1,RR--6----------
91,stave,stav,NNIS6-----A----
91,riek,rieka,NNFP2-----A----
91,a,a-1,J^-------------
91,úrody,úroda,NNFS2-----A----
91,.,.,Z:-------------
92,V,v-1,RR--6----------
92,stredoveku,stredovek,NNIS6-----A----
92,sa,sa_^(zvr._zámeno;_častica),P7-X4----------
92,z,z-1,RR--2----------
92,písomných,písomný,AAIP2----1A----
92,historických,historický,AAIP2----1A----
92,prameňov,prameň,NNIP2-----A----
92,o,o-1,RR--6----------
92,počasí,počasie,NNNS6-----A----
92,dozvieme,dozvedieť,VB-P---1P-AA---
92,iba,iba,TT-------------
92,málo,málo_^(malé_množstvo),Dg-------1A----
92,.,.,Z:-------------
93,Ich,jeho_^(privlast.),PSXXXXP3-------
93,počet,počet,NNIS1-----A----
93,vzrástol,vzrásť,VpYS---XR-AA---
93,až,"až-3_^(až_k_...,_až_dosť)",TT-------------
93,v,v-1,RR--6----------
93,16,16,C=-------------
93,.,.,Z:-------------
93,(,(,Z:-------------
93,šestnástom,šestnásty,CrNS6----------
93,),),Z:-------------
93,storočí,storočie,NNNS6-----A----
93,.,.,Z:-------------
94,Zásluhu,zásluha,NNFS4-----A----
94,na,na-1,RR--6----------
94,tom,ten,PDIS6----------
94,majú,mať_^(vlastniť),VB-P---3P-AA---
94,hlavne,hlavne_^(*1ý),Dg-------1A----
94,mnísi,mních_^(rehoľník),NNMP1-----A----
94,",",",",Z:-------------
94,učitelia,učiteľ,NNMP1-----A----
94,a,a-1,J^-------------
94,mestskí,mestský,AAMP1----1A----
94,kronikári,kronikár,NNMP1-----A----
94,.,.,Z:-------------
95,Na,na-1,RR--6----------
95,niektorých,niektorý,PZXP6----------
95,miestach,miesto-1_^(fyzické_umiestenie),NNNP6-----A----
95,Sahary,Sahara_;G,NNFS2-----A----
95,sa,sa_^(zvr._zámeno;_častica),P7-X4----------
95,zachovali,zachovať,VpXP---XR-AA---
95,jaskynné,jaskynný,AAFP1----1A----
95,maľby,maľba,NNFP1-----A----
95,",",",",Z:-------------
95,na,na-1,RR--6----------
95,ktorých,ktorý,P4XP6----------
95,sú,byť,VB-P---3P-AA---
95,zachytené,zachytiť,VsIP---XX-AP---
95,levy,lev,NNIP1-----A----
95,",",",",Z:-------------
95,slony,slon,NNIP1-----A----
95,",",",",Z:-------------
95,byvoly,byvol,NNIP1-----A----
95,",",",",Z:-------------
95,stromy,strom,NNIP1-----A----
95,a,a-1,J^-------------
95,tráva,tráva,NNFS1-----A----
95,.,.,Z:-------------
96,Od,od-1,RR--2----------
96,17,17,C=-------------
96,.,.,Z:-------------
96,(,(,Z:-------------
96,sedemnásteho,sedemnásty,CrNS2----------
96,),),Z:-------------
96,storočia,storočie,NNNS2-----A----
96,sa,sa_^(zvr._zámeno;_častica),P7-X4----------
96,vo,v-1,RV--6----------
96,svete,svet,NNIS6-----A----
96,začínajú,začínať,VB-P---3P-AA---
96,vykonávať,vykonávať,Vf--------A----
96,plánovité,plánovitý,AANP4----1A----
96,pozorovania,pozorovanie_^(*3ť),NNNP4-----A----
96,pomocou,pomocou,RR--2----------
96,prístrojov,prístroj,NNIP2-----A----
96,.,.,Z:-------------
97,Klimatológovia,klimatológ,NNMP1-----A----
97,dokážu,dokázať,VB-P---3P-AA---
97,v,v-1,RR--6----------
97,súčasnosti,súčasnosť_^(*3ý),NNFS6-----A----
97,odhadnúť,odhadnúť,Vf--------A----
97,možný,možný,AAIS4----1A----
97,vývoj,vývoj,NNIS4-----A----
97,podnebia,podnebie,NNNS2-----A----
97,.,.,Z:-------------
98,Používajú,používať,VB-P---3P-AA---
98,k,k-1,RR--3----------
98,tomu,ten,PDIS3----------
98,počítačové,počítačový,AAIP1----1A----
98,modely,model,NNIP1-----A----
98,klímy,klíma,NNFS2-----A----
98,.,.,Z:-------------
99,Najvýznamnejšie,významný,AANS1----3A----
99,meteorologické,meteorologický,AANS1----1A----
99,observatórium,observatórium,NNNS1-----A----
99,na,na-1,RR--6----------
99,Slovensku,Slovensko_;G,NNNS6-----A----
99,je,byť,VB-S---3P-AA---
99,v,v-1,RR--6----------
99,Hurbanove,Hurbanovo_;G,NNNS6-----A----
99,.,.,Z:-------------
