Token,Lemma,Xpos1,Xpos2,Xpos3,Xpos4,Xpos5,Xpos6,Xpos7,Deprel,Head,ID
Je,byť,V,K,e,s,c,+,-,root,0,1
už,už,T,-,-,-,-,-,-,advmod:emph,4,2
skoro,skoro,T,-,-,-,-,-,-,advmod:emph,4,3
október,október,S,S,i,s,1,-,-,nsubj,1,4
a,a,O,-,-,-,-,-,-,cc,8,5
v,v,E,u,6,-,-,-,-,case,7,6
škole,škola,S,S,f,s,6,-,-,obl,8,7
opakujeme,opakovať,V,K,e,p,a,+,-,conj,1,8
učivo,učivo,D,x,-,-,-,-,-,obj,8,9
zo,z,E,v,2,-,-,-,-,case,12,10
všetkých,všetok,P,F,i,p,2,-,-,det,12,11
predmetov,predmet,S,S,i,p,2,-,-,nmod,9,12
.,.,Z,-,-,-,-,-,-,punct,1,13
Ani,ani,T,-,-,-,-,-,-,advmod:emph,4,1
sme,byť,V,K,e,p,a,+,-,aux,4,2
sa,sa,R,-,-,-,-,-,-,expl:pv,4,3
nenazdali,nazdať,V,L,d,p,a,h,-,root,0,4
a,a,O,-,-,-,-,-,-,cc,6,5
ocitli,ocitnúť,V,L,d,p,a,h,+,conj,4,6
sme,byť,V,K,e,p,a,+,-,aux,6,7
sa,sa,R,-,-,-,-,-,-,expl:pv,6,8
v,v,E,u,6,-,-,-,-,case,11,9
deviatom,deviatý,N,A,i,s,6,-,-,amod,11,10
ročníku,ročník,S,S,i,s,6,-,-,obl,6,11
.,.,Z,-,-,-,-,-,-,punct,4,12
Myslíme,myslieť,V,K,e,p,a,+,-,root,0,1
si,si,R,-,-,-,-,-,-,expl:pv,1,2
",",",",Z,-,-,-,-,-,-,punct,12,3
že,že,O,-,-,-,-,-,-,mark,12,4
tento,tento,P,F,i,s,1,-,-,det,7,5
posledný,posledný,N,A,i,s,1,-,-,amod,7,6
ročník,ročník,S,S,i,s,1,-,-,nsubj,12,7
v,v,E,u,6,-,-,-,-,case,10,8
našej,náš,P,F,f,s,6,-,-,det,10,9
škole,škola,S,S,f,s,6,-,-,nmod,7,10
bude,byť,V,B,e,s,c,+,-,cop,12,11
náročný,náročný,A,A,i,s,1,x,-,ccomp,1,12
aj,aj,O,-,-,-,-,-,-,advmod:emph,15,13
pre,pre,E,u,4,-,-,-,-,case,15,14
žiakov,žiak,S,S,m,p,4,-,-,obl:arg,12,15
",",",",Z,-,-,-,-,-,-,punct,19,16
aj,aj,O,-,-,-,-,-,-,cc,19,17
pre,pre,E,u,4,-,-,-,-,case,19,18
učiteľov,učiteľ,S,S,m,p,4,-,-,conj,15,19
",",",",Z,-,-,-,-,-,-,punct,23,20
aj,aj,O,-,-,-,-,-,-,cc,23,21
pre,pre,E,u,4,-,-,-,-,case,23,22
rodičov,rodič,S,S,m,p,4,-,-,conj,15,23
.,.,Z,-,-,-,-,-,-,punct,1,24
Najťažšie,najťažký,A,A,n,s,1,z,-,root,0,1
je,byť,V,K,e,s,c,+,-,cop,1,2
zopakovať,zopakovať,V,I,d,+,-,-,-,csubj,1,3
si,si,R,-,-,-,-,-,-,expl:pv,3,4
pravopis,pravopis,S,S,i,s,4,-,-,obj,3,5
",",",",Z,-,-,-,-,-,-,punct,12,6
pretože,pretože,O,-,-,-,-,-,-,mark,12,7
sme,byť,V,K,e,p,a,+,-,aux,12,8
cez,cez,E,u,4,-,-,-,-,case,10,9
prázdniny,prázdniny,S,S,f,p,4,-,-,obl,12,10
veľmi,veľmi,D,x,-,-,-,-,-,advmod,12,11
nepísali,písať,V,L,e,p,a,h,-,csubj,1,12
do,do,E,u,2,-,-,-,-,case,14,13
zošitov,zošit,S,S,i,p,2,-,-,obl,12,14
",",",",Z,-,-,-,-,-,-,punct,19,15
ale,ale,O,-,-,-,-,-,-,cc,19,16
sme,byť,V,K,e,p,a,+,-,aux,19,17
sa,sa,R,-,-,-,-,-,-,expl:pv,19,18
vozili,voziť,V,L,d,p,a,h,+,conj,1,19
na,na,E,u,6,-,-,-,-,case,21,20
bicykli,bicykel,S,S,i,s,6,-,-,obl,19,21
",",",",Z,-,-,-,-,-,-,punct,23,22
hrali,hrať,V,L,e,p,a,h,+,conj,1,23
futbal,futbal,S,S,i,s,4,-,-,obj,23,24
",",",",Z,-,-,-,-,-,-,punct,27,25
počítačové,počítačový,A,A,f,p,4,x,-,amod,27,26
hry,hra,S,S,f,p,4,-,-,conj,24,27
",",",",Z,-,-,-,-,-,-,punct,29,28
pozerali,pozerať,V,L,e,p,a,h,+,conj,1,29
seriály,seriál,S,S,i,p,4,-,-,obj,29,30
alebo,alebo,O,-,-,-,-,-,-,cc,33,31
sa,sa,R,-,-,-,-,-,-,expl:pv,33,32
opaľovali,opaľovať,V,L,e,p,a,h,+,conj,1,33
pri,pri,E,u,6,-,-,-,-,case,35,34
bazéne,bazén,S,S,i,s,6,-,-,obl,33,35
.,.,Z,-,-,-,-,-,-,punct,1,36
Boli,byť,V,L,e,p,a,h,+,root,0,1
sme,byť,V,K,e,p,a,+,-,aux,1,2
aj,aj,T,-,-,-,-,-,-,advmod:emph,6,3
v,v,E,u,6,-,-,-,-,case,6,4
zoologickej,zoologický,A,A,f,s,6,x,-,amod,6,5
záhrade,záhrada,S,S,f,s,6,-,-,obl,1,6
v,v,E,u,6,-,-,-,-,case,8,7
Bratislave,bratislava,S,S,f,s,6,:,r,nmod,6,8
",",",",Z,-,-,-,-,-,-,punct,12,9
kde,kde,P,D,-,-,-,-,-,advmod,12,10
sme,byť,V,K,e,p,a,+,-,aux,12,11
videli,vidieť,V,L,e,p,a,h,+,acl:relcl,6,12
hady,hada,S,S,f,p,4,-,-,obj,12,13
",",",",Z,-,-,-,-,-,-,punct,15,14
leopardy,leopard,S,S,i,p,4,-,-,conj,13,15
",",",",Z,-,-,-,-,-,-,punct,17,16
paviány,pavián,S,S,i,p,4,-,-,conj,13,17
",",",",Z,-,-,-,-,-,-,punct,19,18
slony,slon,S,S,i,p,4,-,-,conj,13,19
a,a,O,-,-,-,-,-,-,cc,21,20
medvede,medveď,S,S,i,p,4,-,-,conj,13,21
.,.,Z,-,-,-,-,-,-,punct,1,22
Keď,keď,O,-,-,-,-,-,-,mark,2,1
posielame,posielať,V,K,e,p,a,+,-,advcl,10,2
správy,správa,S,S,f,p,4,-,-,obj,2,3
z,z,E,u,2,-,-,-,-,case,6,4
mobilných,mobilný,A,A,i,p,2,x,-,amod,6,5
telefónov,telefón,S,S,i,p,2,-,-,nmod,3,6
",",",",Z,-,-,-,-,-,-,punct,2,7
takmer,takmer,T,-,-,-,-,-,-,advmod:emph,9,8
nikto,nikto,P,F,m,s,1,-,-,nsubj,10,9
nepoužíva,používať,V,K,e,s,c,-,-,root,0,10
interpunkčné,interpunkčný,A,A,n,p,4,x,-,amod,12,11
znamienka,znamienka,S,S,n,p,4,-,-,obj,10,12
.,.,Z,-,-,-,-,-,-,punct,10,13
Pozabúdali,pozabúdať,V,L,d,p,a,h,+,root,0,1
sme,byť,V,K,e,p,a,+,-,aux,1,2
morfológiu,morfológia,S,S,f,s,4,-,-,obj,1,3
aj,aj,O,-,-,-,-,-,-,cc,5,4
syntax,syntax,S,S,i,s,4,-,-,conj,3,5
.,.,Z,-,-,-,-,-,-,punct,1,6
Častokrát,častokrát,N,D,-,-,-,-,-,obl,3,1
si,si,R,-,-,-,-,-,-,expl:pv,3,2
nespomenieme,spomeniiť,V,K,d,p,a,-,-,root,0,3
",",",",Z,-,-,-,-,-,-,punct,7,4
kde,kde,P,D,-,-,-,-,-,advmod,7,5
sa,sa,R,-,-,-,-,-,-,expl:pv,7,6
píše,písať,V,K,e,s,c,+,-,ccomp,3,7
čiarka,čiarka,S,S,f,s,1,-,-,nsubj,7,8
vo,v,E,v,6,-,-,-,-,case,10,9
vete,vet,S,S,i,s,6,-,-,obl,7,10
.,.,Z,-,-,-,-,-,-,punct,3,11
Takmer,takmer,T,-,-,-,-,-,-,advmod:emph,4,1
z,z,E,u,2,-,-,-,-,case,4,2
každého,každý,P,A,i,s,2,-,-,det,4,3
predmetu,predmet,S,S,i,s,2,-,-,obl,6,4
nás,my,P,P,h,p,4,-,-,obj,6,5
čaká,čakať,V,K,e,s,c,+,-,root,0,6
vstupný,vstupný,A,A,i,s,1,x,-,amod,8,7
test,test,S,S,i,s,1,-,-,nsubj,6,8
",",",",Z,-,-,-,-,-,-,punct,14,9
aby,aby,O,Y,-,-,-,-,-,mark,14,10
si,si,R,-,-,-,-,-,-,expl:pv,14,11
pani,pani,S,U,f,s,1,-,-,nmod,13,12
učiteľky,učiteľka,S,S,f,p,1,-,-,nsubj,14,13
overili,overiť,V,L,d,p,c,f,+,advcl,6,14
",",",",Z,-,-,-,-,-,-,punct,18,15
čo,čo,P,F,n,s,4,-,-,obj,18,16
všetko,všetok,P,F,n,s,4,-,-,obj,18,17
vieme,vediemť,V,K,e,p,a,+,-,ccomp,14,18
alebo,alebo,O,-,-,-,-,-,-,cc,20,19
nevieme,vedieť,V,K,e,p,a,-,-,conj,14,20
.,.,Z,-,-,-,-,-,-,punct,6,21
O,o,E,u,4,-,-,-,-,case,2,1
pár,pár,N,U,n,s,4,-,-,obl,5,2
mesiacov,mesiac,S,S,i,p,2,-,-,nmod,2,3
nás,my,P,P,h,p,4,-,-,obj,5,4
čakajú,čakať,V,K,e,p,c,+,-,root,0,5
dôležité,dôležitý,A,A,f,p,1,x,-,amod,8,6
prijímacie,prijímací,A,A,f,p,1,x,-,amod,8,7
skúšky,skúška,S,S,f,p,1,-,-,nsubj,5,8
na,na,E,u,4,-,-,-,-,case,11,9
stredné,stredný,A,A,f,p,4,x,-,amod,11,10
školy,škola,S,S,f,p,4,-,-,nmod,8,11
.,.,Z,-,-,-,-,-,-,punct,5,12
Musíme,musieť,V,K,e,p,a,+,-,root,0,1
sa,sa,R,-,-,-,-,-,-,expl:pv,4,2
dobre,dobre,D,x,-,-,-,-,-,advmod,4,3
pripraviť,pripraviť,V,I,d,+,-,-,-,xcomp,1,4
",",",",Z,-,-,-,-,-,-,punct,9,5
aby,aby,O,Y,-,-,-,-,-,mark,9,6
sme,byť,V,K,e,p,a,+,-,aux,9,7
si,si,R,-,-,-,-,-,-,expl:pv,9,8
splnili,splniť,V,L,d,p,a,h,+,ccomp,4,9
sny,sen,S,S,i,p,4,-,-,obj,9,10
o,o,E,u,6,-,-,-,-,case,14,11
svojom,svoj,P,F,n,s,6,-,-,det,14,12
budúcom,budúci,A,A,n,s,6,x,-,amod,14,13
povolaní,povolanie,S,S,n,s,6,-,-,nmod,10,14
.,.,Z,-,-,-,-,-,-,punct,1,15
Výchovno-vzdelávací,výchovno-vzdelávací,A,A,i,s,1,x,-,amod,2,1
proces,proces,S,S,i,s,1,-,-,nsubj,7,2
v,v,E,u,6,-,-,-,-,case,5,3
školskom,školský,A,A,i,s,6,x,-,amod,5,4
roku,rok,S,S,i,s,6,-,-,nmod,2,5
2020/2021,2020/2021,0,-,-,-,-,-,-,nummod,5,6
je,byť,V,K,e,s,c,+,-,root,0,7
v,v,E,u,6,-,-,-,-,case,10,8
plnom,plný,A,A,i,s,6,x,-,amod,10,9
prúde,prúd,S,S,i,s,6,-,-,obl,7,10
.,.,Z,-,-,-,-,-,-,punct,7,11
Na,na,E,u,4,-,-,-,-,case,2,1
cestu,cesta,S,S,f,s,4,-,-,obl,10,2
za,za,E,u,7,-,-,-,-,case,4,3
poznaním,poznanie,S,S,n,s,7,-,-,nmod,2,4
interpunkčných,interpunkčný,A,A,f,p,2,x,-,amod,6,5
znamienok,znamienka,S,S,f,p,2,-,-,nmod,4,6
sme,byť,V,K,e,p,a,+,-,aux,10,7
sa,sa,R,-,-,-,-,-,-,expl:pv,10,8
však,však,T,-,-,-,-,-,-,advmod,10,9
vydali,vydať,V,L,d,p,a,h,+,root,0,10
už,už,T,-,-,-,-,-,-,advmod:emph,15,11
v,v,E,u,6,-,-,-,-,case,15,12
1,1,0,-,-,-,-,-,-,nummod,15,13
.,.,Z,-,-,-,-,-,-,punct,13,14
ročníku,ročník,S,S,i,s,6,-,-,obl,10,15
.,.,Z,-,-,-,-,-,-,punct,10,16
Zoznamovali,zoznamovať,V,L,e,p,a,h,+,root,0,1
sme,byť,V,K,e,p,a,+,-,aux,1,2
sa,sa,R,-,-,-,-,-,-,expl:pv,1,3
s,s,E,u,7,-,-,-,-,case,5,4
nimi,on,P,F,m,p,7,-,-,obl:arg,1,5
vo,v,E,v,6,-,-,-,-,case,8,6
všetkých,všetok,P,F,i,p,6,-,-,det,8,7
predmetoch,predmet,S,S,i,p,6,-,-,obl,1,8
.,.,Z,-,-,-,-,-,-,punct,1,9
Na,na,E,u,6,-,-,-,-,case,2,1
hodinách,hodina,S,S,f,p,6,-,-,obl,5,2
slovenčiny,slovenčina,S,S,f,s,2,-,-,nmod,2,3
nás,my,P,P,h,p,4,-,-,obj,5,4
zaujali,zaujať,V,L,d,p,c,f,+,root,0,5
milé,milý,A,A,f,p,1,x,-,amod,7,6
verše,verš,S,S,f,p,1,-,-,nsubj,5,7
Márie,mária,S,S,f,s,2,:,r,nmod,9,8
Rázusovej-Martákovej,rázusovej-martákov,S,A,f,s,2,:,r,nmod,7,9
i,i,O,-,-,-,-,-,-,cc,11,10
povesti,povesť,S,S,f,p,1,-,-,conj,7,11
Jozefa,jozef,S,S,m,s,2,:,r,nmod,13,12
Cígera-Hronského,cígera-hronský,S,F,m,s,2,:,r,nmod,11,13
.,.,Z,-,-,-,-,-,-,punct,5,14
Neskôr,neskôr,D,x,-,-,-,-,-,advmod,3,1
sme,byť,V,K,e,p,a,+,-,aux,3,2
spoznávali,spoznávať,V,L,e,p,a,h,+,root,0,3
múdrosť,múdrosť,S,S,f,s,4,-,-,obj,3,4
našich,náš,P,F,m,p,2,-,-,det,6,5
predkov,predok,S,S,m,p,2,-,-,nmod,4,6
v,v,E,u,6,-,-,-,-,case,8,7
prísloviach,príslovie,S,S,n,p,6,-,-,obl,3,8
:,:,Z,-,-,-,-,-,-,punct,10,9
mladosť,mladosť,S,S,f,s,1,-,-,appos,4,10
–,–,Z,-,-,-,-,-,-,punct,12,11
pochabosť,pochabosť,S,S,f,s,1,-,-,conj,10,12
",",",",Z,-,-,-,-,-,-,punct,14,13
staroba,staroba,S,S,f,s,1,-,-,conj,10,14
–,–,Z,-,-,-,-,-,-,punct,16,15
choroba,choroba,S,S,f,s,1,-,-,conj,10,16
",",",",Z,-,-,-,-,-,-,punct,18,17
sľuboval,sľubovať,V,L,e,s,c,m,+,conj,3,18
hory,hora,S,S,f,p,4,-,-,obj,18,19
–,–,Z,-,-,-,-,-,-,punct,21,20
doly,dol,S,S,i,p,4,-,-,conj,19,21
a,a,O,-,-,-,-,-,-,cc,23,22
nepodá,podať,V,K,e,s,c,-,-,conj,18,23
pohár,pohár,S,S,i,s,4,-,-,obj,23,24
vody,voda,S,S,f,s,2,-,-,nmod,24,25
",",",",Z,-,-,-,-,-,-,punct,27,26
sto,sto,N,U,n,s,4,-,-,conj,24,27
hláv,hlava,S,S,f,p,2,-,-,nmod,27,28
–,–,Z,-,-,-,-,-,-,punct,30,29
sto,sto,N,U,n,s,4,-,-,appos,24,30
rozumov,rozum,S,S,i,p,2,-,-,nmod,30,31
.,.,Z,-,-,-,-,-,-,punct,3,32
V,v,E,u,6,-,-,-,-,case,2,1
dejepise,dejepis,S,S,i,s,6,-,-,obl,5,2
sme,byť,V,K,e,p,a,+,-,aux,5,3
sa,sa,R,-,-,-,-,-,-,expl:pv,5,4
učili,učiť,V,L,e,p,a,h,+,root,0,5
o,o,E,u,6,-,-,-,-,case,7,6
Rakúsko-Uhorsku,rakúsko-uhorsko,S,S,n,s,6,:,r,obl:arg,5,7
i,i,O,-,-,-,-,-,-,cc,9,8
rozdelení,rozdelenie,S,S,n,s,6,-,-,conj,7,9
Česko-Slovenska,česko-slovensko,S,S,n,s,2,:,r,nmod,9,10
.,.,Z,-,-,-,-,-,-,punct,5,11
",",",",Z,-,-,-,-,-,-,punct,4,1
",",",",Z,-,-,-,-,-,-,punct,4,2
Zem,zem,S,S,f,s,1,-,-,nsubj,4,3
obieha,obiehať,V,K,e,s,c,+,-,ccomp,15,4
okolo,okolo,E,u,2,-,-,-,-,case,6,5
Slnka,slnko,S,S,n,s,2,:,r,obl,4,6
priemernou,priemerný,A,A,f,s,7,x,-,amod,8,7
rýchlosťou,rýchlosť,S,S,f,s,7,-,-,obl,4,8
29,29,0,-,-,-,-,-,-,nummod,8,9
",",",",Z,-,-,-,-,-,-,punct,9,10
8,8,0,-,-,-,-,-,-,nummod,8,11
km/s,km/s,S,S,i,s,2,-,-,nmod,8,12
",",",",Z,-,-,-,-,-,-,punct,4,13
“,“,Z,-,-,-,-,-,-,punct,4,14
odznelo,odznieť,V,L,d,s,c,n,+,root,0,15
na,na,E,u,6,-,-,-,-,case,17,16
fyzike,fyzika,S,S,f,s,6,-,-,obl,15,17
.,.,Z,-,-,-,-,-,-,punct,15,18
Voľky-nevoľky,voľky-nevoľka,S,S,f,p,4,-,-,obj,3,1
sme,byť,V,K,e,p,a,+,-,aux,3,2
riešili,riešiť,V,L,e,p,a,h,+,root,0,3
i,i,O,-,-,-,-,-,-,advmod:emph,5,4
príklady,príklad,S,S,i,p,4,-,-,obj,3,5
na,na,E,u,4,-,-,-,-,case,7,6
pohyb,pohyb,S,S,i,s,4,-,-,nmod,5,7
i,i,O,-,-,-,-,-,-,cc,10,8
v,v,E,u,6,-,-,-,-,case,10,9
matematike,matematika,S,S,f,s,6,-,-,conj,7,10
.,.,Z,-,-,-,-,-,-,punct,3,11
Našimi,naái,P,F,m,p,7,-,-,det,3,1
vernými,verný,A,A,m,p,7,x,-,amod,3,2
pomocníkmi,pomocník,S,S,m,p,7,-,-,root,0,3
na,na,E,u,6,-,-,-,-,case,5,4
angličtine,angličtina,S,S,f,s,6,-,-,nmod,3,5
sú,byť,V,K,e,p,c,+,-,cop,3,6
anglicko-slovenské,anglicko-slovenský,A,A,i,p,1,x,-,amod,8,7
slovníky,slovník,S,S,i,p,1,-,-,nsubj,3,8
.,.,Z,-,-,-,-,-,-,punct,3,9
Blíži,blížiť,V,K,e,s,c,+,-,root,0,1
sa,sa,R,-,-,-,-,-,-,expl:pv,1,2
čas,čas,S,S,i,s,1,-,-,nsubj,1,3
Vianoc,vianoc,S,S,i,s,1,:,r,nmod,3,4
.,.,Z,-,-,-,-,-,-,punct,1,5
Hurá,hurá,J,-,-,-,-,-,-,root,0,1
!,!,Z,-,-,-,-,-,-,punct,1,2
Budeme,byť,V,B,e,p,a,+,-,aux,2,1
písať,písať,V,I,e,+,-,-,-,root,0,2
esemesky,esemeska,S,S,f,p,4,-,-,obj,2,3
k,k,E,u,3,-,-,-,-,case,5,4
Vianociam,vianocia,S,S,f,p,3,-,-,nmod,3,5
aj,aj,T,-,-,-,-,-,-,advmod:emph,8,6
s,s,E,u,7,-,-,-,-,case,8,7
interpunkciou,interpunkcia,S,S,f,s,7,-,-,nmod,5,8
?,?,Z,-,-,-,-,-,-,punct,2,9
O,o,E,u,6,-,-,-,-,case,2,1
pohánke,pohánka,S,S,f,s,6,-,-,obl:arg,4,2
sa,sa,R,-,-,-,-,-,-,expl:pv,4,3
tradujú,tradovať,V,K,e,p,c,+,-,root,0,4
tri,tri,N,N,i,p,1,-,-,nummod,6,5
chýry,chýr,S,S,i,p,1,-,-,nsubj,4,6
",",",",Z,-,-,-,-,-,-,punct,13,7
z,z,E,u,2,-,-,-,-,case,9,8
ktorých,ktorý,P,A,f,p,2,-,-,obl,13,9
dva,dva,N,N,i,p,1,-,-,nsubj,13,10
sú,byť,V,K,e,p,c,+,-,cop,13,11
zaručene,zaručene,D,x,-,-,-,-,-,advmod,13,12
nepravdivé,nepravdivý,A,A,f,p,1,x,-,acl:relcl,6,13
.,.,Z,-,-,-,-,-,-,punct,4,14
Hovorí,hovoriť,V,K,e,s,c,+,-,root,0,1
sa,sa,R,-,-,-,-,-,-,expl:pv,1,2
",",",",Z,-,-,-,-,-,-,punct,7,3
že,že,O,-,-,-,-,-,-,mark,7,4
je,byť,V,K,e,s,c,+,-,cop,7,5
to,to,P,F,n,s,1,-,-,nsubj,7,6
jedlo,jedlo,S,S,n,s,1,-,-,csubj,1,7
chudobných,chudobný,A,A,f,p,2,x,-,amod,7,8
.,.,Z,-,-,-,-,-,-,punct,1,9
Naši,náš,P,F,m,p,1,-,-,det,2,1
predkovia,predka,S,S,m,p,1,-,-,nsubj,3,2
mali,mať,V,L,e,p,c,m,+,root,0,3
pohánkovú,pohánkový,A,A,f,s,4,x,-,amod,5,4
kašu,kaša,S,S,f,s,4,-,-,obj,3,5
na,na,E,u,6,-,-,-,-,case,7,6
stole,stôl,S,S,i,s,6,-,-,nmod,5,7
častejšie,často,D,y,-,-,-,-,-,advmod,3,8
ako,ako,O,-,-,-,-,-,-,mark,10,9
zemiaky,zemiak,S,S,i,p,1,-,-,dep,8,10
.,.,Z,-,-,-,-,-,-,punct,3,11
Dnes,dnes,D,x,-,-,-,-,-,advmod,4,1
to,to,P,F,n,s,1,-,-,nsubj,4,2
však,však,T,-,-,-,-,-,-,advmod,4,3
neplatí,platiť,V,K,e,s,c,-,-,root,0,4
",",",",Z,-,-,-,-,-,-,punct,7,5
lebo,lebo,O,-,-,-,-,-,-,mark,7,6
zažíva,zažívať,V,K,e,s,c,+,-,advcl,4,7
renesanciu,renesancia,S,S,f,s,4,-,-,obj,7,8
najmä,najmä,T,-,-,-,-,-,-,advmod:emph,11,9
v,v,E,u,6,-,-,-,-,case,11,10
obchodoch,obchod,S,S,i,p,6,-,-,obl,7,11
so,s,E,v,7,-,-,-,-,case,14,12
zdravou,zdravý,A,A,f,s,7,x,-,amod,14,13
výživou,výživa,S,S,f,s,7,-,-,nmod,11,14
.,.,Z,-,-,-,-,-,-,punct,4,15
Neplatí,platiť,V,K,e,s,c,-,-,root,0,1
ani,ani,T,-,-,-,-,-,-,advmod:emph,4,2
druhý,druhý,N,A,i,s,1,-,-,amod,4,3
mýtus,mýtus,S,S,i,s,1,-,-,nsubj,1,4
",",",",Z,-,-,-,-,-,-,punct,7,5
ktorý,ktorý,P,A,i,s,1,-,-,nsubj,7,6
zaraďuje,zaraďovať,V,K,e,s,c,+,-,acl:relcl,4,7
pohánku,pohánka,S,S,f,s,4,-,-,obj,7,8
medzi,medzi,E,u,4,-,-,-,-,case,10,9
obilniny,obilnina,S,S,f,p,4,-,-,obl,7,10
.,.,Z,-,-,-,-,-,-,punct,1,11
Aj,aj,O,-,-,-,-,-,-,mark,3,1
keď,keď,O,-,-,-,-,-,-,fixed,1,2
nejde,ísť,V,K,e,s,c,-,-,advcl,11,3
o,o,E,u,4,-,-,-,-,case,5,4
obilninu,obilnina,S,S,f,s,4,-,-,obl:arg,3,5
",",",",Z,-,-,-,-,-,-,punct,3,6
veľmi,veľmi,D,x,-,-,-,-,-,advmod,11,7
sa,sa,R,-,-,-,-,-,-,expl:pv,11,8
na,na,E,u,4,-,-,-,-,case,10,9
ňu,ona,P,F,f,s,4,-,-,obl:arg,11,10
ponáša,ponášať,V,K,e,s,c,+,-,root,0,11
.,.,Z,-,-,-,-,-,-,punct,11,12
Príbuzná,príbuzný,A,A,f,s,1,x,-,root,0,1
je,byť,V,K,e,s,c,+,-,cop,1,2
napríklad,napríklad,T,-,-,-,-,-,-,advmod:emph,5,3
s,s,E,u,7,-,-,-,-,case,5,4
rebarborou,rebarbora,S,S,f,s,7,-,-,obl:arg,1,5
či,či,O,-,-,-,-,-,-,cc,7,6
šťaveľom,šťaveľ,S,S,m,s,7,-,-,conj,5,7
.,.,Z,-,-,-,-,-,-,punct,1,8
Stáva,stať,V,K,e,s,c,+,-,root,0,1
sa,sa,R,-,-,-,-,-,-,expl:pv,1,2
neoceniteľnou,neoceniteľný,A,A,f,s,7,x,-,amod,4,3
náhradou,náhrada,S,S,f,s,7,-,-,obl:arg,1,4
pre,pre,E,u,4,-,-,-,-,case,6,5
celiatikov,celiatik,S,S,m,p,4,-,-,nmod,4,6
a,a,O,-,-,-,-,-,-,cc,9,7
je,byť,V,K,e,s,c,+,-,cop,9,8
vhodná,vhodný,A,A,f,s,1,x,-,conj,1,9
aj,aj,T,-,-,-,-,-,-,advmod:emph,14,10
pre,pre,E,u,4,-,-,-,-,case,14,11
úplne,úplne,D,x,-,-,-,-,-,advmod,13,12
malé,malý,A,A,n,p,4,x,-,amod,14,13
deti,dieťa,S,S,n,p,4,-,-,obl:arg,9,14
.,.,Z,-,-,-,-,-,-,punct,1,15
Zvyšuje,zvyšovať,V,K,e,s,c,+,-,root,0,1
pružnosť,pružnosť,S,S,f,s,4,-,-,obj,1,2
krvných,krvný,A,A,f,p,2,x,-,amod,4,3
ciev,cieva,S,S,f,p,2,-,-,nmod,2,4
a,a,O,-,-,-,-,-,-,cc,6,5
pomáha,pomáhať,V,K,e,s,c,+,-,conj,1,6
regulovať,regulovať,V,I,j,+,-,-,-,xcomp,6,7
zrážavosť,zrážavosť,S,S,f,s,4,-,-,obj,7,8
krvi,krv,S,S,f,s,2,-,-,nmod,8,9
.,.,Z,-,-,-,-,-,-,punct,1,10
Je,byť,V,K,e,s,c,+,-,cop,3,1
ľahko,ľahko,D,x,-,-,-,-,-,advmod,3,2
stráviteľná,stráviteľný,A,A,f,s,1,x,-,root,0,3
a,a,O,-,-,-,-,-,-,cc,5,4
obsahuje,obsahovať,V,K,e,s,c,+,-,conj,3,5
veľa,veľa,N,U,n,s,4,-,-,obj,5,6
vlákniny,vláknina,S,S,f,s,2,-,-,nmod,6,7
.,.,Z,I,P,-,-,-,-,punct,3,8
Pohánkové,pohánkový,A,A,n,s,1,x,-,amod,2,1
zrno,zrno,S,S,n,s,1,-,-,nsubj,4,2
sa,sa,R,-,-,-,-,-,-,expl:pv,4,3
podáva,podávať,V,K,e,s,c,+,-,root,0,4
ako,ako,O,-,-,-,-,-,-,mark,6,5
príloha,príloha,S,S,f,s,1,-,-,dep,4,6
namiesto,namiesto,E,u,2,-,-,-,-,case,8,7
ryže,ryža,S,S,f,s,2,-,-,nmod,6,8
alebo,alebo,O,-,-,-,-,-,-,cc,11,9
ako,ako,O,-,-,-,-,-,-,mark,11,10
základ,základ,S,S,i,s,1,-,-,conj,6,11
do,do,E,u,2,-,-,-,-,case,13,12
šalátov,šalát,S,S,i,p,2,-,-,nmod,11,13
či,či,O,-,-,-,-,-,-,cc,15,14
nákypov,nákyp,S,S,i,p,2,-,-,conj,13,15
.,.,Z,-,-,-,-,-,-,punct,4,16
Pravdivý,pravdivý,A,A,i,s,1,x,-,root,0,1
je,byť,V,K,e,s,c,+,-,cop,1,2
iba,iba,T,-,-,-,-,-,-,advmod:emph,4,3
pôvod,pôvod,S,S,i,s,1,-,-,nsubj,1,4
jej,jej,P,U,i,s,2,-,-,det,6,5
názvu,názov,S,S,i,s,2,-,-,nmod,4,6
.,.,Z,-,-,-,-,-,-,punct,1,7
Ten,ten,P,F,m,s,1,-,-,nsubj,3,1
jej,ona,P,F,f,s,3,-,-,obl:arg,3,2
prischol,prischnúť,V,L,d,s,c,m,+,root,0,3
práve,práve,T,-,-,-,-,-,-,advmod:emph,5,4
preto,preto,P,D,-,-,-,-,-,advmod,3,5
",",",",Z,-,-,-,-,-,-,punct,10,6
že,že,O,-,-,-,-,-,-,mark,10,7
ju,ona,P,F,f,s,4,-,-,obj,10,8
sem,sem,P,D,-,-,-,-,-,advmod,10,9
priniesli,priniesť,V,L,d,p,c,m,+,advcl,3,10
pohania,pohanie,S,S,n,p,1,-,-,nsubj,10,11
.,.,Z,-,-,-,-,-,-,punct,3,12
Konkrétne,konkrétne,D,x,-,-,-,-,-,root,0,1
Tatári,tatár,S,S,m,p,1,-,-,root,0,1
počas,počas,E,u,2,-,-,-,-,case,5,2
svojich,svoj,P,F,i,p,2,-,-,det,5,3
inváznych,invázny,A,A,i,p,2,x,-,amod,5,4
nájazdov,nájazd,S,S,i,p,2,-,-,nmod,1,5
v,v,E,u,6,-,-,-,-,case,9,6
13,13,0,-,-,-,-,-,-,nummod,9,7
.,.,Z,-,-,-,-,-,-,punct,7,8
storočí,storočie,S,S,n,s,6,-,-,nmod,5,9
.,.,Z,-,-,-,-,-,-,punct,1,10
Milí,milý,A,A,m,p,1,x,-,amod,2,1
deviataci,deviatak,S,S,m,p,1,-,-,dep,4,2
",",",",Z,-,-,-,-,-,-,punct,4,3
spomínate,spomínať,V,M,d,p,b,+,-,root,0,4
si,si,R,-,-,-,-,-,-,expl:pv,4,5
ešte,ešte,T,-,-,-,-,-,-,advmod:emph,11,6
na,na,E,u,4,-,-,-,-,case,11,7
svoj,svoj,P,F,i,s,4,-,-,det,11,8
prvý,prvý,N,A,i,s,4,-,-,amod,11,9
školský,školský,A,A,i,s,4,x,-,amod,11,10
deň,deň,S,S,i,s,4,-,-,obl,4,11
?,?,Z,-,-,-,-,-,-,punct,4,12
Bolo,byť,V,L,e,s,c,n,+,root,0,1
to,to,P,F,n,s,1,-,-,nsubj,1,2
pred,pred,E,u,7,-,-,-,-,case,5,3
deviatimi,devať,N,U,i,p,7,-,-,nummod,5,4
rokmi,rok,S,S,i,p,7,-,-,obl,1,5
",",",",Z,-,-,-,-,-,-,punct,14,6
keď,keď,O,-,-,-,-,-,-,mark,14,7
ste,byť,V,K,e,p,b,+,-,aux,14,8
s,s,E,u,7,-,-,-,-,case,10,9
rukou,ruka,S,S,f,s,7,-,-,obl,14,10
v,v,E,u,6,-,-,-,-,case,13,11
maminej,mamin,A,A,f,s,6,x,-,amod,13,12
dlani,dlaň,S,S,f,s,6,-,-,nmod,10,13
vstúpili,vstúpiť,V,L,d,p,a,h,+,advcl,1,14
do,do,E,u,2,-,-,-,-,case,17,15
prváckej,prvácky,A,A,f,s,2,x,-,amod,17,16
triedy,trieda,S,S,f,s,2,-,-,obl,14,17
.,.,Z,-,-,-,-,-,-,punct,1,18
So,s,E,v,7,-,-,-,-,case,3,1
zatajeným,zatajený,G,t,i,s,7,x,-,amod,3,2
dychom,dych,S,S,i,s,7,-,-,obl,5,3
ste,byť,V,K,e,p,b,+,-,aux,5,4
počúvali,počúvať,V,L,e,p,a,h,+,root,0,5
milé,milý,A,A,n,p,4,x,-,amod,7,6
slová,slovo,S,S,n,p,4,-,-,obj,5,7
pani,pani,S,U,f,s,1,-,-,nmod,7,8
učiteľky,učiteľka,S,S,f,s,2,-,-,nmod,8,9
.,.,Z,-,-,-,-,-,-,punct,5,10
Postupne,postupne,D,x,-,-,-,-,-,advmod,4,1
ste,byť,V,K,e,p,b,+,-,aux,4,2
sa,sa,R,-,-,-,-,-,-,expl:pv,4,3
naučili,naučiť,V,L,d,p,a,h,+,root,0,4
prvé,prvý,A,A,n,p,4,x,-,amod,6,5
písmená,písmeno,S,S,n,p,4,-,-,obj,4,6
",",",",Z,-,-,-,-,-,-,punct,8,7
zvládli,zvládnuť,V,L,d,p,a,h,+,conj,4,8
ste,byť,V,K,e,p,b,+,-,aux,8,9
prečítať,prečítať,V,I,d,+,-,-,-,xcomp,8,10
aj,aj,T,-,-,-,-,-,-,advmod:emph,13,11
prvé,prvý,A,A,f,p,4,x,-,amod,13,12
slabiky,slabika,S,S,f,p,4,-,-,obj,10,13
a,a,O,-,-,-,-,-,-,cc,15,14
slová,slovo,S,S,n,p,4,-,-,conj,13,15
.,.,Z,-,-,-,-,-,-,punct,4,16
Detské,detský,A,A,i,p,1,x,-,amod,2,1
roky,rok,S,S,i,p,1,-,-,nsubj,5,2
v,v,E,u,6,-,-,-,-,case,4,3
škole,škola,S,S,f,s,6,-,-,nmod,2,4
ubehli,ubehnúť,V,L,d,p,c,i,+,root,0,5
ako,ako,O,-,-,-,-,-,-,mark,7,6
voda,voda,S,S,f,s,1,-,-,dep,5,7
a,a,O,-,-,-,-,-,-,cc,11,8
zrazu,zrazu,D,x,-,-,-,-,-,advmod,11,9
ste,byť,V,K,e,p,b,+,-,aux,11,10
stáli,stáť,V,L,e,p,a,h,+,conj,5,11
pred,pred,E,u,7,-,-,-,-,case,14,12
ťažkým,ťažký,A,A,n,s,7,x,-,amod,14,13
rozhodnutím,rozhodnutie,S,S,n,s,7,-,-,obl:arg,11,14
.,.,Z,-,-,-,-,-,-,punct,5,15
Niektorí,niektorý,P,A,m,p,1,-,-,nsubj,2,1
riešili,riešiť,V,L,e,p,c,m,+,root,0,2
dilemu,dilem,S,S,f,s,4,-,-,obl:arg,2,3
",",",",Z,-,-,-,-,-,-,punct,9,4
ktorú,ktorý,P,A,f,s,4,-,-,det,7,5
strednú,stredný,A,A,f,s,4,x,-,amod,7,6
školu,škola,S,S,f,s,4,-,-,obj,9,7
si,si,R,-,-,-,-,-,-,expl:pv,9,8
vybrať,vybrať,V,I,d,+,-,-,-,acl:relcl,3,9
.,.,Z,I,P,-,-,-,-,punct,2,10
Napokon,napokon,D,x,-,-,-,-,-,advmod,4,1
ste,byť,V,K,e,p,b,+,-,aux,4,2
sa,sa,R,-,-,-,-,-,-,expl:pv,4,3
prihlásili,prihlásiť,V,L,d,p,a,h,+,root,0,4
tam,tam,P,D,-,-,-,-,-,advmod,4,5
",",",",Z,-,-,-,-,-,-,punct,8,6
kde,kde,P,D,-,-,-,-,-,advmod,8,7
vidíte,vidieť,V,K,e,p,b,+,-,acl:relcl,5,8
svoje,svoj,P,F,n,s,4,-,-,det,10,9
uplatnenie,uplatnenie,S,S,n,s,4,-,-,obj,8,10
v,v,E,u,6,-,-,-,-,case,13,11
ďalšom,ďalší,A,A,i,s,6,x,-,amod,13,12
živote,život,S,S,i,s,6,-,-,nmod,10,13
.,.,Z,-,-,-,-,-,-,punct,4,14
Teraz,teraz,D,x,-,-,-,-,-,advmod,4,1
si,si,R,-,-,-,-,-,-,expl:pv,4,2
určite,určite,T,-,-,-,-,-,-,advmod,4,3
užijete,užiť,V,K,d,p,b,+,-,root,0,4
letné,letný,A,A,f,p,4,x,-,amod,6,5
prázdniny,prázdniny,S,S,f,p,4,-,-,obj,4,6
",",",",Z,-,-,-,-,-,-,punct,8,7
mnohí,mnoho,N,U,m,p,1,-,-,conj,4,8
v,v,E,u,6,-,-,-,-,case,11,9
dovolenkových,dovolenkový,A,A,f,p,6,x,-,amod,11,10
destináciách,destinácia,S,S,f,p,6,-,-,obl,8,11
nielen,nielen,O,-,-,-,-,-,-,cc,14,12
na,na,E,u,6,-,-,-,-,case,14,13
Slovensku,slovensko,S,S,n,s,6,:,r,conj,11,14
",",",",Z,-,-,-,-,-,-,punct,21,15
ale,ale,O,-,-,-,-,-,-,cc,21,16
aj,aj,O,-,-,-,-,-,-,cc,21,17
v,v,E,u,6,-,-,-,-,case,21,18
iných,iný,P,A,f,p,6,-,-,det,21,19
európskych,európsky,A,A,f,p,6,x,-,amod,21,20
krajinách,krajina,S,S,f,p,6,-,-,conj,11,21
.,.,Z,-,-,-,-,-,-,punct,4,22
V,v,E,u,6,-,-,-,-,case,2,1
septembri,september,S,S,i,s,6,-,-,obl,4,2
vás,vy,P,P,h,p,4,-,-,obj,4,3
privíta,privítať,V,K,d,s,c,+,-,root,0,4
stredná,stredný,A,A,f,s,1,x,-,amod,6,5
škola,škola,S,S,f,s,1,-,-,nsubj,4,6
s,s,E,u,7,-,-,-,-,case,9,7
novými,nový,A,A,m,p,7,x,-,amod,9,8
priateľmi,priateľ,S,S,m,p,7,-,-,nmod,6,9
i,i,O,-,-,-,-,-,-,cc,11,10
učiteľmi,učiteľ,S,S,m,p,7,-,-,conj,9,11
.,.,Z,-,-,-,-,-,-,punct,4,12
Mnohí,mnoho,N,U,m,p,1,-,-,nsubj,2,1
máte,mať,V,K,e,p,b,+,-,root,0,2
ambície,ambícia,S,S,f,p,4,-,-,obj,5,3
úspešne,úspešne,D,x,-,-,-,-,-,advmod,5,4
zmaturovať,zmaturovať,V,I,e,+,-,-,-,xcomp,2,5
a,a,O,-,-,-,-,-,-,cc,9,6
potom,potom,D,x,-,-,-,-,-,advmod,9,7
sa,sa,R,-,-,-,-,-,-,expl:pv,9,8
prihlásiť,prihlásiť,V,I,d,+,-,-,-,conj,5,9
na,na,E,u,4,-,-,-,-,case,12,10
vysokoškolské,vysokoškolský,A,A,n,s,4,x,-,amod,12,11
štúdium,štúdium,S,S,n,s,4,-,-,obl,9,12
.,.,Z,-,-,-,-,-,-,punct,2,13
Tak,tak,T,-,-,-,-,-,-,advmod,8,1
veľa,veľa,N,U,n,s,4,-,-,obj,8,2
zdaru,zdar,S,S,i,s,2,-,-,nmod,2,3
a,a,O,-,-,-,-,-,-,cc,6,4
životných,životný,A,A,i,p,2,x,-,amod,6,5
úspechov,úspech,S,S,i,p,2,-,-,conj,3,6
",",",",Z,-,-,-,-,-,-,punct,2,7
milí,milý,A,A,m,p,1,x,-,root,0,8
deviataci,deviatak,S,S,m,p,1,-,-,nsubj,8,9
!,!,Z,-,-,-,-,-,-,punct,8,10
Na,na,E,u,6,-,-,-,-,case,3,1
školských,školský,A,A,i,p,6,x,-,amod,3,2
výletoch,výlet,S,S,i,p,6,-,-,obl,4,3
spoznávame,spoznávať,V,K,e,p,a,+,-,root,0,4
krásy,krása,S,S,i,p,4,-,-,obj,4,5
Slovenska,slovensko,S,S,n,s,2,:,r,nmod,5,6
",",",",Z,-,-,-,-,-,-,punct,11,7
kultúrne,kultúrny,A,A,f,p,4,x,-,amod,11,8
a,a,O,-,-,-,-,-,-,cc,10,9
historické,historický,A,A,f,p,4,x,-,conj,8,10
pamiatky,pamiatka,S,S,f,p,4,-,-,conj,5,11
.,.,Z,-,-,-,-,-,-,punct,4,12
Siedmy,siedmy,A,A,i,s,1,x,-,amod,2,1
jún,jún,S,S,i,s,1,-,-,nsubj,6,2
bol,byť,V,L,e,s,c,i,+,cop,6,3
naším,náš,P,F,i,s,7,-,-,det,6,4
výletným,výletný,A,A,i,s,7,x,-,amod,6,5
dňom,deň,S,S,i,s,7,-,-,root,0,6
.,.,Z,-,-,-,-,-,-,punct,6,7
Triedni,triedny,A,A,m,p,1,x,-,amod,2,1
učitelia,učiteľ,S,S,m,p,1,-,-,nsubj,3,2
odcestovali,odcestovať,V,L,e,p,c,m,+,root,0,3
s,s,E,u,7,-,-,-,-,case,7,4
dvadsiatimi,dvadsať,N,U,i,p,7,-,-,nummod,7,5
štyrmi,štyri,N,N,i,p,7,-,-,nummod,7,6
siedmakmi,siedmak,S,S,i,p,7,-,-,obl,3,7
na,na,E,u,4,-,-,-,-,case,9,8
sever,sever,S,S,i,s,4,-,-,obl,3,9
Slovenska,slovensko,S,S,n,s,2,:,r,nmod,9,10
.,.,Z,-,-,-,-,-,-,punct,3,11
Dominantou,dominant,S,S,f,s,7,-,-,root,0,1
Oravy,orava,S,S,f,s,2,:,r,nmod,1,2
je,byť,V,K,e,s,c,+,-,cop,1,3
Oravský,oravský,A,A,i,s,1,x,-,amod,5,4
hrad,hrad,S,S,i,s,1,-,-,nsubj,1,5
a,a,O,-,-,-,-,-,-,cc,8,6
Oravská,oravský,A,A,f,s,1,x,:,amod,8,7
priehrada,priehrada,S,S,f,s,1,-,-,conj,5,8
.,.,Z,-,-,-,-,-,-,punct,1,9
Niektorí,niektorý,P,A,m,p,1,-,-,det,2,1
žiaci,žiak,S,S,m,p,1,-,-,nsubj,3,2
navštívili,navštíviť,V,L,d,p,c,m,+,root,0,3
túto,táto,P,F,f,s,4,-,-,det,5,4
lokalitu,lokalita,S,S,f,s,4,-,-,obj,3,5
druhýkrát,druhýkrát,N,D,-,-,-,-,-,obl,3,6
.,.,Z,-,-,-,-,-,-,punct,3,7
Dozvedeli,dozvedieť,V,L,d,p,a,h,+,root,0,1
sme,byť,V,K,e,p,a,+,-,aux,1,2
sa,sa,R,-,-,-,-,-,-,expl:pv,1,3
o,o,E,u,6,-,-,-,-,case,7,4
piatich,päť,N,U,f,p,6,-,-,nummod,7,5
zatopených,zatopený,G,t,f,p,6,x,-,amod,7,6
dedinách,dedina,S,S,f,p,6,-,-,obl:arg,1,7
",",",",Z,-,-,-,-,-,-,punct,10,8
ktoré,ktorý,P,A,f,p,1,-,-,nsubj,10,9
zmizli,zmiznúť,V,L,d,p,c,f,+,acl:relcl,7,10
pod,pod,E,u,7,-,-,-,-,case,12,11
vodou,voda,S,S,f,s,7,-,-,obl,10,12
v,v,E,u,6,-,-,-,-,case,15,13
päťdesiatych,päťdesiaty,A,A,i,p,6,x,-,amod,15,14
rokoch,rok,S,S,i,p,6,-,-,obl,10,15
minulého,minulý,A,A,n,s,2,x,-,amod,17,16
storočia,storočie,S,S,n,s,2,-,-,nmod,15,17
.,.,Z,-,-,-,-,-,-,punct,1,18
Priehrada,priehrada,S,S,f,s,1,-,-,nsubj,3,1
nás,my,P,P,h,p,4,-,-,obj,3,2
fascinovala,fascinovať,V,L,e,s,c,f,+,root,0,3
tridsiatimi,tridsať,N,U,i,p,7,-,-,nummod,6,4
ôsmimi,osem,N,N,f,p,7,-,-,nummod,6,5
metrami,metra,S,S,f,p,7,-,-,obl,3,6
hĺbky,hĺbka,S,S,f,s,2,-,-,nmod,6,7
pri,pri,E,u,6,-,-,-,-,case,10,8
priehradnom,priehradný,A,A,i,s,6,x,-,amod,10,9
múre,múr,S,S,i,s,6,-,-,nmod,7,10
.,.,Z,-,-,-,-,-,-,punct,3,11
Oravským,oravský,A,A,i,s,7,x,-,amod,2,1
hradom,hrad,S,S,i,s,7,-,-,obl,4,2
nás,my,P,P,h,p,4,-,-,obj,4,3
previedla,previesť,V,L,d,s,c,f,+,root,0,4
sympatická,sympatický,A,A,f,s,1,x,-,amod,6,5
sprievodkyňa,sprievodkyňa,S,S,f,s,1,-,-,nsubj,4,6
.,.,Z,-,-,-,-,-,-,punct,4,7
Svoj,svoj,P,F,i,s,4,-,-,det,2,1
výklad,výklad,S,S,i,s,4,-,-,obj,6,2
o,o,E,u,6,-,-,-,-,case,5,3
dávnej,dávny,A,A,f,s,6,x,-,amod,5,4
minulosti,minulosť,S,S,f,s,6,-,-,nmod,2,5
doplnila,doplniť,V,L,d,s,c,f,+,root,0,6
aj,aj,T,-,-,-,-,-,-,advmod:emph,9,7
fiktívnymi,fiktívny,A,A,i,p,7,x,-,amod,9,8
príbehmi,príbeh,S,S,i,p,7,-,-,obl,6,9
.,.,Z,-,-,-,-,-,-,punct,6,10
Na,na,E,u,6,-,-,-,-,case,2,1
hrade,hrad,S,S,i,s,6,-,-,obl,5,2
sa,sa,R,-,-,-,-,-,-,expl:pv,5,3
niekoľkokrát,niekoľkokrát,P,D,-,-,-,-,-,obl,5,4
usadili,usadiť,V,L,d,p,c,m,+,root,0,5
filmári,filmár,S,S,m,p,1,-,-,nsubj,5,6
.,.,Z,-,-,-,-,-,-,punct,5,7
Počas,počas,E,u,2,-,-,-,-,case,2,1
prehliadky,prehliadka,S,S,f,s,2,-,-,obl,4,2
sme,byť,V,K,e,p,a,+,-,aux,4,3
zdolali,zdolať,V,L,d,p,a,h,+,root,0,4
šesťstošesťdesiattri,šesťstošesťdesiattri,N,U,n,s,4,-,-,obj,4,5
schodov,schod,S,S,i,p,2,-,-,nmod,5,6
.,.,Z,-,-,-,-,-,-,punct,4,7
Po,po,E,u,6,-,-,-,-,case,3,1
takomto,takýto,P,A,i,s,6,-,-,det,3,2
tréningu,tréning,S,S,i,s,6,-,-,obl,6,3
by,by,Y,-,-,-,-,-,-,aux,6,4
sme,byť,V,K,e,p,a,+,-,aux,6,5
mohli,môcť,V,L,e,p,a,h,+,root,0,6
ísť,ísť,V,I,e,+,-,-,-,xcomp,6,7
aj,aj,T,-,-,-,-,-,-,advmod:emph,10,8
na,na,E,u,4,-,-,-,-,case,10,9
olympiádu,olympiáda,S,S,f,s,4,-,-,obl,7,10
.,.,Z,I,P,-,-,-,-,punct,6,11
Zážitky,zážitok,S,S,i,p,4,-,-,obj,3,1
sme,byť,V,K,e,p,a,+,-,aux,3,2
zapísali,zapísať,V,L,d,p,a,h,+,root,0,3
do,do,E,u,2,-,-,-,-,case,5,4
denníkov,denník,S,S,i,p,2,-,-,obl,3,5
.,.,Z,-,-,-,-,-,-,punct,3,6
Domov,domov,D,x,-,-,-,-,-,advmod,4,1
sme,byť,V,K,e,p,a,+,-,aux,4,2
sa,sa,R,-,-,-,-,-,-,expl:pv,4,3
vrátili,vrátiť,V,L,d,p,a,h,+,root,0,4
spokojní,spokojný,A,A,m,p,1,x,-,xcomp,4,5
.,.,Z,-,-,-,-,-,-,punct,4,6
Potulky,potulka,S,S,f,p,1,-,-,nsubj,4,1
prírodou,príroda,S,S,f,s,7,-,-,obl,4,2
často,často,D,x,-,-,-,-,-,advmod,4,3
využívajú,využívať,V,K,e,p,c,+,-,root,0,4
psíčkari,psíčkar,S,S,m,p,1,-,-,nsubj,4,5
a,a,O,-,-,-,-,-,-,cc,11,6
ich,ich,P,U,i,p,1,-,-,det,11,7
malé,malý,A,A,i,p,1,x,-,amod,11,8
či,či,O,-,-,-,-,-,-,cc,10,9
veľké,veľký,A,A,i,p,1,x,-,conj,8,10
psy,pes,S,S,i,p,1,-,-,conj,5,11
.,.,Z,I,P,-,-,-,-,punct,4,12
Pánmi,pán,S,S,m,p,7,-,-,root,0,1
vzduchu,vzduch,S,S,i,s,2,-,-,nmod,1,2
sú,byť,V,K,e,p,c,+,-,cop,1,3
orly,orol,S,S,i,p,1,-,-,nsubj,1,4
",",",",Z,-,-,-,-,-,-,punct,6,5
jastraby,jastrab,S,S,f,p,1,-,-,conj,4,6
alebo,alebo,O,-,-,-,-,-,-,cc,8,7
sokoly,sokol,S,S,i,p,1,-,-,conj,4,8
.,.,Z,-,-,-,-,-,-,punct,1,9
O,o,E,u,6,-,-,-,-,case,2,1
medveďovi,medveď,S,S,m,s,6,-,-,obl:arg,4,2
však,však,T,-,-,-,-,-,-,advmod,4,3
sníva,snívať,V,K,e,s,c,+,-,root,0,4
asi,asi,T,-,-,-,-,-,-,advmod:emph,6,5
málokto,málokto,D,x,-,-,-,-,-,advmod,4,6
.,.,Z,-,-,-,-,-,-,punct,4,7
Les,les,S,S,i,s,1,-,-,nsubj,4,1
a,a,O,-,-,-,-,-,-,cc,3,2
príroda,príroda,S,S,f,s,1,-,-,conj,1,3
ukrývajú,ukrývať,V,K,e,p,c,+,-,root,0,4
mnohé,mnohý,A,A,f,p,4,x,-,amod,6,5
divy,diva,S,S,f,p,4,-,-,obj,4,6
",",",",Z,-,-,-,-,-,-,punct,11,7
ktoré,ktorý,P,A,i,p,4,-,-,obj,11,8
sme,byť,V,K,e,p,a,+,-,aux,11,9
zatiaľ,zatiaľ,P,D,-,-,-,-,-,advmod,11,10
neobjavili,objaviť,V,L,d,p,a,h,-,acl:relcl,6,11
.,.,Z,-,-,-,-,-,-,punct,4,12
V,v,E,u,6,-,-,-,-,case,2,1
mokradiach,mokradie,S,S,n,p,6,-,-,obl,8,2
s,s,E,u,7,-,-,-,-,case,5,3
bohatým,bohatý,A,A,i,s,7,x,-,amod,5,4
porastom,porast,S,S,i,s,7,-,-,nmod,2,5
vodných,vodný,A,A,f,p,2,x,-,amod,7,6
rastlín,rastlina,S,S,f,p,2,-,-,nmod,5,7
žijú,žiť,V,K,e,p,c,+,-,root,0,8
žaby,žaba,S,S,f,p,1,-,-,nsubj,8,9
",",",",Z,-,-,-,-,-,-,punct,11,10
hrochy,hrocha,S,S,f,p,1,-,-,conj,9,11
a,a,O,-,-,-,-,-,-,cc,13,12
krokodíly,krokodíl,S,S,i,p,1,-,-,conj,9,13
.,.,Z,-,-,-,-,-,-,punct,8,14
Obyvateľmi,obyvateľ,S,S,m,p,7,-,-,root,0,1
oceánov,oceán,S,S,i,p,2,-,-,nmod,1,2
sú,byť,V,K,e,p,c,+,-,cop,1,3
aj,aj,T,-,-,-,-,-,-,advmod:emph,5,4
veľryby,veľryb,S,S,f,p,1,-,-,nsubj,1,5
",",",",Z,-,-,-,-,-,-,punct,7,6
medúzy,medúza,S,S,i,p,1,-,-,conj,5,7
i,i,O,-,-,-,-,-,-,cc,9,8
žraloky,žraloka,S,S,f,p,1,-,-,conj,5,9
.,.,Z,-,-,-,-,-,-,punct,1,10
Losy,los,S,S,i,p,1,-,-,nsubj,5,1
a,a,O,-,-,-,-,-,-,cc,3,2
soby,soba,S,S,f,p,1,-,-,conj,1,3
zase,zase,D,x,-,-,-,-,-,advmod,5,4
obývajú,obývať,V,K,e,p,c,+,-,root,0,5
tundry,tundra,S,S,f,p,4,-,-,obj,5,6
.,.,Z,-,-,-,-,-,-,punct,5,7
Veľké,veľký,A,A,f,p,1,x,-,amod,2,1
ťažkosti,ťažkosť,S,S,f,p,1,-,-,nsubj,4,2
im,on,P,F,m,p,3,-,-,obl:arg,4,3
spôsobuje,spôsobovať,V,K,e,s,c,+,-,root,0,4
hmyz,hmyz,S,S,i,s,1,-,-,obj,4,5
.,.,Z,-,-,-,-,-,-,punct,4,6
V,v,E,u,6,-,-,-,-,case,3,1
zoologickej,zoologický,A,A,f,s,6,x,-,amod,3,2
záhrade,záhrada,S,S,f,s,6,-,-,obl,5,3
sme,byť,V,K,e,p,a,+,-,aux,5,4
videli,vidieť,V,L,e,p,a,h,+,root,0,5
pštrosy,pštros,S,S,i,p,4,-,-,obj,5,6
",",",",Z,-,-,-,-,-,-,punct,8,7
levy,lev,S,S,i,p,4,-,-,conj,6,8
",",",",Z,-,-,-,-,-,-,punct,10,9
žirafy,žiraf,S,S,i,p,4,-,-,conj,6,10
",",",",Z,-,-,-,-,-,-,punct,13,11
cudzokrajné,cudzokrajný,A,A,i,p,4,x,-,amod,13,12
vtáky,vták,S,S,i,p,4,-,-,conj,6,13
i,i,O,-,-,-,-,-,-,cc,16,14
zúrivé,zúrivý,A,A,i,p,4,x,-,amod,16,15
psy,pes,S,S,i,p,4,-,-,conj,6,16
.,.,Z,-,-,-,-,-,-,punct,5,17
Pri,pri,E,u,6,-,-,-,-,case,2,1
ohrade,ohrad,S,S,i,s,6,-,-,obl,3,2
zavýjali,zavýjať,V,L,d,p,c,m,+,root,0,3
besní,besný,A,A,m,p,1,x,-,amod,5,4
psi,pes,S,S,m,p,1,-,-,nsubj,3,5
a,a,O,-,-,-,-,-,-,cc,8,6
zúriví,zúrivý,A,A,m,p,1,x,-,amod,8,7
vlci,vlk,S,S,m,p,1,-,-,conj,5,8
.,.,Z,-,-,-,-,-,-,punct,3,9
Ráno,ráno,D,x,-,-,-,-,-,advmod,4,1
sa,sa,R,-,-,-,-,-,-,expl:pv,4,2
Eskimáci,eskimák,S,S,m,p,1,:,r,nsubj,4,3
chystajú,chystať,V,K,e,p,c,+,-,root,0,4
na,na,E,u,4,-,-,-,-,case,6,5
lov,lov,S,S,i,s,4,-,-,obl:arg,4,6
mrožov,mrož,S,S,i,p,2,-,-,nmod,6,7
.,.,Z,-,-,-,-,-,-,punct,4,8
Poľovníci,poľovník,S,S,m,p,1,-,-,nsubj,2,1
idú,ísť,V,K,e,p,c,+,-,root,0,2
so,s,E,v,7,-,-,-,-,case,5,3
svojimi,svoj,P,F,m,p,7,-,-,det,5,4
psami,psa,S,S,i,p,7,-,-,obl,2,5
.,.,Z,-,-,-,-,-,-,punct,2,6
Títo,tento,P,F,m,p,1,-,-,det,2,1
psi,pes,S,S,m,p,1,-,-,nsubj,3,2
majú,mať,V,K,e,p,c,+,-,root,0,3
často,často,D,x,-,-,-,-,-,advmod,3,4
do,do,E,u,2,-,-,-,-,case,6,5
krvi,krv,S,S,f,s,2,-,-,obl,3,6
zodraté,zodratý,G,t,f,p,4,x,-,amod,8,7
paprčky,paprčka,S,S,f,p,4,-,-,obj,3,8
.,.,Z,-,-,-,-,-,-,punct,3,9
Povetrím,povetrie,S,S,n,s,7,-,-,obl,3,1
sa,sa,R,-,-,-,-,-,-,expl:pv,3,2
ozývajú,ozývať,V,K,e,p,c,+,-,root,0,3
radostné,radostný,A,A,i,p,1,x,-,amod,5,4
výkriky,výkrik,S,S,i,p,1,-,-,nsubj,3,5
lovcov,lovec,S,S,m,p,2,-,-,nmod,5,6
.,.,Z,-,-,-,-,-,-,punct,3,7
Umiestňovanie,umiestňovanie,S,S,n,s,1,-,-,nsubj,10,1
reklám,rekla,S,S,f,p,2,-,-,nmod,1,2
na,na,E,u,4,-,-,-,-,case,4,3
mantinely,mantinela,S,S,f,p,4,-,-,nmod,2,4
zimných,zimný,A,A,i,p,2,x,-,amod,6,5
štadiónov,štadión,S,S,i,p,2,-,-,nmod,4,6
je,byť,V,K,e,s,c,+,-,cop,10,7
dobrým,dobrý,A,A,i,s,7,x,-,amod,10,8
marketingovým,marketingový,A,A,i,s,7,x,-,amod,10,9
ťahom,ťah,S,S,i,s,7,-,-,root,0,10
.,.,Z,-,-,-,-,-,-,punct,10,11
Na,na,E,u,6,-,-,-,-,case,2,1
mantineli,mantineľ,S,S,i,s,6,-,-,obl,4,2
vpravo,vpravo,D,x,-,-,-,-,-,advmod,4,3
dominovalo,dominovať,V,L,d,s,c,n,+,root,0,4
logo,logo,S,S,n,s,1,-,-,nsubj,4,5
známej,známy,A,A,f,s,2,x,-,amod,7,6
automobilky,automobilka,S,S,f,s,2,-,-,nmod,5,7
.,.,Z,-,-,-,-,-,-,punct,4,8
V,v,E,u,6,-,-,-,-,case,2,1
decembri,december,S,S,i,s,6,-,-,obl,8,2
na,na,E,u,6,-,-,-,-,case,5,3
svetovom,svetový,A,A,i,s,6,x,-,amod,5,4
šampionáte,šampionát,S,S,i,s,6,-,-,obl,8,5
v,v,E,u,6,-,-,-,-,case,7,6
krasokorčuľovaní,krasokorčuľovanie,S,S,n,s,6,-,-,nmod,5,7
malo,mať,V,L,e,s,c,n,+,root,0,8
aj,aj,T,-,-,-,-,-,-,advmod:emph,10,9
Slovensko,slovensko,S,S,n,s,1,:,r,nsubj,8,10
v,v,E,u,6,-,-,-,-,case,13,11
medzinárodnej,medzinárodný,A,A,f,s,6,x,-,amod,13,12
skupine,skupina,S,S,f,s,6,-,-,obl,8,13
svojho,svoj,P,F,m,s,4,-,-,det,15,14
zástupcu,zástupca,S,S,m,s,4,-,-,obj,8,15
.,.,Z,-,-,-,-,-,-,punct,8,16
Zahraniční,zahraničný,A,A,m,p,1,x,-,amod,2,1
pretekári,pretekár,S,S,m,p,1,-,-,nsubj,8,2
",",",",Z,I,P,-,-,-,-,punct,4,3
tréneri,tréner,S,S,m,p,1,-,-,conj,2,4
aj,aj,O,-,-,-,-,-,-,cc,6,5
novinári,novinár,S,S,m,p,1,-,-,conj,2,6
boli,byť,V,L,e,p,c,m,+,cop,8,7
ubytovaní,ubytovaný,G,t,m,p,1,x,-,root,0,8
v,v,E,u,6,-,-,-,-,case,11,9
novom,nový,A,A,i,s,6,x,-,amod,11,10
hoteli,hotel,S,S,i,s,6,-,-,obl,8,11
.,.,Z,-,-,-,-,-,-,punct,8,12
Od,od,E,u,2,-,-,-,-,case,2,1
domova,domov,S,S,i,s,2,-,-,obl,4,2
ich,on,P,F,i,p,4,-,-,obj,4,3
delili,deliť,V,L,e,p,c,i,+,root,0,4
kilometre,kilometre,S,S,i,p,1,-,-,nsubj,4,5
.,.,Z,-,-,-,-,-,-,punct,4,6
V,v,E,u,6,-,-,-,-,case,2,1
areáli,areál,S,S,i,s,6,-,-,obl,5,2
hotela,hotel,S,S,i,s,2,-,-,nmod,2,3
sa,sa,R,-,-,-,-,-,-,expl:pv,5,4
poskytovali,poskytovať,V,L,e,p,c,f,+,root,0,5
rôzne,rôzny,A,A,f,p,1,x,-,amod,7,6
služby,služba,S,S,f,p,1,-,-,nsubj,5,7
",",",",Z,-,-,-,-,-,-,punct,12,8
ktoré,ktorý,P,A,f,p,1,-,-,obj,12,9
hostia,hosť,S,S,m,p,1,-,-,nsubj,12,10
radi,rád,A,U,m,p,1,x,-,obl,12,11
využívali,využívať,V,L,e,p,c,f,+,acl:relcl,7,12
.,.,Z,-,-,-,-,-,-,punct,5,13
V,v,E,u,6,-,-,-,-,case,2,1
kinosále,kinosál,S,S,f,s,6,-,-,obl,3,2
bol,byť,V,L,e,s,c,i,+,cop,5,3
najväčší,eľký,A,A,i,s,1,z,-,amod,5,4
záujem,záujem,S,S,i,s,1,-,-,root,0,5
o,o,E,u,4,-,-,-,-,case,7,6
trilery,triler,S,S,i,p,4,-,-,nmod,5,7
",",",",Z,-,-,-,-,-,-,punct,13,8
iné,iný,P,A,i,p,1,-,-,det,11,9
filmové,filmový,A,A,i,p,1,x,-,amod,11,10
žánre,žánr,S,S,i,p,1,-,-,nsubj,13,11
sa,sa,R,-,-,-,-,-,-,expl:pv,13,12
netešili,tešiť,V,L,e,p,c,i,-,conj,5,13
veľkej,veľký,A,A,f,s,3,x,-,amod,15,14
obľube,obľub,S,S,f,s,3,-,-,obl:arg,13,15
.,.,Z,-,-,-,-,-,-,punct,5,16
V,v,E,u,6,-,-,-,-,case,2,1
posilňovniach,posilňovnie,S,S,f,p,6,-,-,obl,4,2
sa,sa,R,-,-,-,-,-,-,expl:pv,4,3
využívali,využívať,V,L,e,p,c,i,+,root,0,4
najmä,najmä,T,-,-,-,-,-,-,advmod:emph,6,5
stacionárne,stacionárny,A,A,i,p,1,x,-,amod,7,6
bicykle,bicykel,S,S,i,p,1,-,-,nsubj,4,7
.,.,Z,-,-,-,-,-,-,punct,4,8
Luxusnú,luxusný,A,A,f,s,4,x,-,amod,2,1
kaviareň,kaviareň,S,S,f,s,4,-,-,obj,3,2
osvetľovali,osvetľovať,V,L,e,p,c,i,+,root,0,3
moderné,moderný,A,A,i,p,1,x,-,amod,5,4
lustre,lustre,S,S,i,p,1,-,-,nsubj,3,5
a,a,O,-,-,-,-,-,-,cc,9,6
príjemnú,príjemný,A,A,f,s,4,x,-,amod,8,7
atmosféru,atmosféra,S,S,f,s,4,-,-,obj,9,8
dotvárala,dotvárať,V,L,e,s,c,f,+,conj,3,9
tichá,tichý,A,A,f,s,1,x,-,amod,11,10
hudba,hudba,S,S,f,s,1,-,-,nsubj,9,11
hraná,hraný,G,t,f,s,1,x,-,amod,11,12
na,na,E,u,6,-,-,-,-,case,14,13
klavíri,klavír,S,S,i,s,6,-,-,obl,12,14
.,.,Z,-,-,-,-,-,-,punct,3,15
V,v,E,u,6,-,-,-,-,case,2,1
závere,záver,S,S,i,s,6,-,-,obl,4,2
pretekov,preteky,S,S,i,p,2,-,-,nmod,2,3
bolo,byť,V,L,e,s,c,n,+,root,0,4
stretnutie,stretnutie,S,S,n,s,1,-,-,nsubj,4,5
najlepších,dobrý,A,A,m,p,2,z,-,amod,7,6
skokanov,skokan,S,S,m,p,2,-,-,nmod,5,7
.,.,Z,-,-,-,-,-,-,punct,4,8
Slovenskí,slovenský,A,A,m,p,1,x,-,amod,2,1
krasokorčuliari,krasokorčuliar,S,S,m,p,1,-,-,nsubj,5,2
medaily,medaila,S,S,f,s,2,-,-,nmod,2,3
síce,síce,O,-,-,-,-,-,-,cc,5,4
nezískali,získať,V,L,d,p,c,m,-,root,0,5
",",",",Z,-,-,-,-,-,-,punct,9,6
no,no,O,-,-,-,-,-,-,cc,9,7
nemožno,nemožno,D,x,-,-,-,-,-,advmod,9,8
hovoriť,hovoriť,V,I,e,+,-,-,-,xcomp,5,9
ani,ani,T,-,-,-,-,-,-,advmod:emph,13,10
o,o,E,u,6,-,-,-,-,case,13,11
ich,ich,P,U,i,s,6,-,-,det,13,12
debakli,debaknúť,S,S,i,s,6,-,-,obl:arg,9,13
.,.,Z,-,-,-,-,-,-,punct,5,14
Klíma,klíma,S,S,f,s,1,-,-,root,0,1
na,na,E,u,6,-,-,-,-,case,3,2
našej,náš,P,F,f,s,6,-,-,det,1,3
Zemi,zem,S,S,f,p,1,-,-,nsubj,4,1
sa,sa,R,-,-,-,-,-,-,expl:pv,4,2
neustále,neustále,D,x,-,-,-,-,-,advmod,4,3
mení,meniť,V,K,e,s,c,+,-,root,0,4
a,a,O,-,-,-,-,-,-,cc,6,5
vyvíja,vyvíjať,V,K,e,s,c,+,-,conj,4,6
.,.,Z,-,-,-,-,-,-,punct,4,7
Na,na,E,u,4,-,-,-,-,case,3,1
klimatický,klimatický,A,A,i,s,4,x,-,amod,3,2
systém,systém,S,S,i,s,4,-,-,obl:arg,4,3
vplývajú,vplývať,V,K,e,p,c,+,-,root,0,4
prírodné,prírodný,A,A,i,p,1,x,-,amod,6,5
procesy,proces,S,S,i,p,1,-,-,nsubj,4,6
a,a,O,-,-,-,-,-,-,cc,9,7
rôzne,rôzny,A,A,i,p,1,x,-,amod,9,8
faktory,faktor,S,S,i,p,1,-,-,conj,6,9
.,.,Z,-,-,-,-,-,-,punct,4,10
V,v,E,u,6,-,-,-,-,case,3,1
posledných,posledný,A,A,n,p,6,x,-,amod,3,2
storočiach,storočie,S,S,n,p,6,-,-,obl,8,3
sa,sa,R,-,-,-,-,-,-,expl:pv,8,4
k,k,E,u,3,-,-,-,-,case,7,5
týmto,tento,P,F,i,p,3,-,-,det,7,6
procesom,proces,S,S,i,p,3,-,-,obl:arg,8,7
pridáva,pridávať,V,K,e,s,c,+,-,root,0,8
aj,aj,T,-,-,-,-,-,-,advmod:emph,11,9
samotný,samotný,A,A,m,s,1,x,-,amod,11,10
človek,človek,S,S,m,s,1,-,-,nsubj,8,11
svojou,svoj,P,F,f,s,7,-,-,det,13,12
činnosťou,činnosť,S,S,f,s,7,-,-,obl,8,13
.,.,Z,-,-,-,-,-,-,punct,8,14
Zvyšuje,zvyšovať,V,K,e,s,c,+,-,root,0,1
koncentráciu,koncentrácia,S,S,f,s,4,-,-,obj,1,2
radiačne,radiačne,D,x,-,-,-,-,-,advmod,4,3
aktívnych,aktívny,A,A,i,p,2,x,-,amod,5,4
plynov,plyn,S,S,i,p,2,-,-,nmod,2,5
atmosféry,atmosféra,S,S,f,s,2,-,-,nmod,5,6
",",",",Z,-,-,-,-,-,-,punct,10,7
a,a,O,-,-,-,-,-,-,cc,10,8
tým,to,P,F,n,s,7,-,-,obl,10,9
prispieva,prispievať,V,K,e,s,c,+,-,conj,1,10
k,k,E,u,3,-,-,-,-,case,12,11
zosilňovaniu,zosilňovanie,S,S,n,s,3,-,-,obl:arg,10,12
skleníkového,skleníkový,A,A,i,s,2,x,-,amod,14,13
efektu,efekt,S,S,i,s,2,-,-,nmod,12,14
.,.,Z,-,-,-,-,-,-,punct,1,15
Kroniky,kronik,S,S,f,p,1,-,-,nsubj,2,1
obsahujú,obsahovať,V,K,e,p,c,+,-,root,0,2
záznamy,záznam,S,S,i,p,4,-,-,obj,2,3
o,o,E,u,6,-,-,-,-,case,6,4
mimoriadnych,mimoriadny,A,A,i,p,6,x,-,amod,6,5
javoch,jav,S,S,i,p,6,-,-,nmod,3,6
počasia,počasie,S,S,n,s,2,-,-,nmod,6,7
a,a,O,-,-,-,-,-,-,cc,9,8
klímy,klím,S,S,f,s,2,-,-,conj,7,9
",",",",Z,-,-,-,-,-,-,punct,12,10
o,o,E,u,6,-,-,-,-,case,12,11
stave,stav,S,S,i,s,6,-,-,conj,6,12
riek,rieka,S,S,f,p,2,-,-,nmod,12,13
a,a,O,-,-,-,-,-,-,cc,15,14
úrody,úroda,S,S,f,s,2,-,-,conj,13,15
.,.,Z,-,-,-,-,-,-,punct,2,16
V,v,E,u,6,-,-,-,-,case,2,1
stredoveku,stredovek,S,S,i,s,6,-,-,obl,10,2
sa,sa,R,-,-,-,-,-,-,expl:pv,10,3
z,z,E,u,2,-,-,-,-,case,7,4
písomných,písomný,A,A,i,p,2,x,-,amod,7,5
historických,historický,A,A,i,p,2,x,-,amod,7,6
prameňov,prameň,S,S,i,p,2,-,-,obl,10,7
o,o,E,u,6,-,-,-,-,case,9,8
počasí,počasie,S,S,n,s,6,-,-,nmod,7,9
dozvieme,dozvedieť,V,K,d,p,a,+,-,root,0,10
iba,iba,T,-,-,-,-,-,-,advmod:emph,12,11
málo,málo,D,x,-,-,-,-,-,advmod,10,12
.,.,Z,-,-,-,-,-,-,punct,10,13
Ich,ich,P,U,i,s,1,-,-,det,2,1
počet,počet,S,S,i,s,1,-,-,nsubj,3,2
vzrástol,vzrásť,V,L,d,s,c,i,+,root,0,3
až,až,T,-,-,-,-,-,-,advmod:emph,11,4
v,v,E,u,6,-,-,-,-,case,11,5
16,16,0,-,-,-,-,-,-,nummod,11,6
.,.,Z,-,-,-,-,-,-,punct,6,7
(,(,Z,-,-,-,-,-,-,punct,6,8
šestnástom,šestnásty,A,A,n,s,6,x,-,amod,11,9
),),Z,-,-,-,-,-,-,punct,6,10
storočí,storočie,S,S,n,s,6,-,-,obl,3,11
.,.,Z,-,-,-,-,-,-,punct,3,12
Zásluhu,zásluh,S,S,f,s,4,-,-,obj,4,1
na,na,E,u,6,-,-,-,-,case,3,2
tom,to,P,F,n,s,6,-,-,nmod,1,3
majú,mať,V,K,e,p,c,+,-,root,0,4
hlavne,hlavne,T,-,-,-,-,-,-,advmod:emph,6,5
mnísi,mnís,S,S,m,p,1,-,-,nsubj,4,6
",",",",Z,-,-,-,-,-,-,punct,8,7
učitelia,učiteľ,S,S,m,p,1,-,-,conj,6,8
a,a,O,-,-,-,-,-,-,cc,11,9
mestskí,mestský,A,A,m,p,1,x,-,amod,11,10
kronikári,kronikár,S,S,m,p,1,-,-,conj,6,11
.,.,Z,-,-,-,-,-,-,punct,4,12
Na,na,E,u,6,-,-,-,-,case,3,1
niektorých,niektorý,P,A,n,p,6,-,-,det,3,2
miestach,miesto,S,S,n,p,6,-,-,obl,6,3
Sahary,sahara,S,S,f,s,2,:,r,nmod,3,4
sa,sa,R,-,-,-,-,-,-,expl:pv,6,5
zachovali,zachovať,V,L,d,p,c,f,+,root,0,6
jaskynné,jaskynný,A,A,f,p,1,x,-,amod,8,7
maľby,maľba,S,S,f,p,1,-,-,nsubj,6,8
",",",",Z,-,-,-,-,-,-,punct,13,9
na,na,E,u,6,-,-,-,-,case,11,10
ktorých,ktorý,P,A,f,p,6,-,-,obl,13,11
sú,byť,V,K,e,p,c,+,-,cop,13,12
zachytené,zachytený,G,t,f,p,1,x,-,acl:relcl,8,13
levy,lev,S,S,i,p,1,-,-,nsubj,13,14
",",",",Z,-,-,-,-,-,-,punct,16,15
slony,slon,S,S,i,p,1,-,-,conj,14,16
",",",",Z,-,-,-,-,-,-,punct,18,17
byvoly,byvol,S,S,i,p,1,-,-,conj,14,18
",",",",Z,-,-,-,-,-,-,punct,20,19
stromy,strom,S,S,i,p,1,-,-,conj,14,20
a,a,O,-,-,-,-,-,-,cc,22,21
tráva,tráva,S,S,f,s,1,-,-,conj,14,22
.,.,Z,-,-,-,-,-,-,punct,6,23
Od,od,E,u,2,-,-,-,-,case,7,1
17,17,0,-,-,-,-,-,-,nummod,7,2
.,.,Z,-,-,-,-,-,-,punct,2,3
(,(,Z,-,-,-,-,-,-,punct,5,4
sedemnásteho,sedemnásty,A,A,n,s,2,x,-,amod,7,5
),),Z,-,-,-,-,-,-,punct,2,6
storočia,storočie,S,S,n,s,2,-,-,obl,11,7
sa,sa,R,-,-,-,-,-,-,expl:pv,11,8
vo,v,E,v,6,-,-,-,-,case,10,9
svete,svet,S,S,i,s,6,-,-,obl,11,10
začínajú,začínať,V,K,e,p,c,+,-,root,0,11
vykonávať,vykonávať,V,I,e,+,-,-,-,xcomp,11,12
plánovité,plánovitý,A,A,n,p,4,x,-,amod,14,13
pozorovania,pozorovanie,S,S,n,p,4,-,-,obj,12,14
pomocou,pomoc,E,u,2,-,-,-,-,case,16,15
prístrojov,prístroj,S,S,i,p,2,-,-,obl,12,16
.,.,Z,-,-,-,-,-,-,punct,11,17
Klimatológovia,klimatológ,S,S,m,p,1,-,-,nsubj,2,1
dokážu,dokázať,V,K,d,p,c,+,-,root,0,2
v,v,E,u,6,-,-,-,-,case,4,3
súčasnosti,súčasnosť,S,S,f,s,6,-,-,obl,2,4
odhadnúť,odhadnúť,V,I,d,+,-,-,-,xcomp,2,5
možný,možný,A,A,i,s,4,x,-,amod,7,6
vývoj,vývoj,S,S,i,s,4,-,-,obj,5,7
podnebia,podnebie,S,S,n,s,2,-,-,nmod,7,8
.,.,Z,-,-,-,-,-,-,punct,2,9
Používajú,používať,V,K,e,p,c,+,-,root,0,1
k,k,E,u,3,-,-,-,-,case,3,2
tomu,to,P,F,n,s,3,-,-,obl,1,3
počítačové,počítačový,A,A,i,p,1,x,-,amod,5,4
modely,model,S,S,i,p,1,-,-,nsubj,1,5
klímy,klím,S,S,i,p,1,-,-,nmod,5,6
.,.,Z,I,P,-,-,-,-,punct,1,7
Najvýznamnejšie,významný,A,A,n,s,1,z,-,amod,3,1
meteorologické,meteorologický,A,A,n,s,1,x,-,amod,3,2
observatórium,observatórium,S,S,n,s,1,-,-,nsubj,6,3
na,na,E,u,6,-,-,-,-,case,5,4
Slovensku,slovensko,S,S,n,s,6,:,r,nmod,3,5
je,byť,V,K,e,s,c,+,-,root,0,6
v,v,E,u,6,-,-,-,-,case,8,7
Hurbanove,hurbanov,S,S,i,s,6,:,r,obl,6,8
.,.,Z,-,-,-,-,-,-,punct,6,9
