Token,Lemma,Xpos1,Xpos2,Xpos3,Xpos4,Xpos5,Xpos6,Xpos7,ID
Je,byť,V,K,e,s,c,+,-,1
už,už,T,-,-,-,-,-,-,2
skoro,skoro,D,x,-,-,-,-,-,3
október,október,S,S,i,s,1,-,-,4
a,a,O,-,-,-,-,-,-,5
v,v,E,u,6,-,-,-,-,6
škole,škola,S,S,f,s,6,-,-,7
opakujeme,opakovať,V,K,e,p,a,+,-,8
učivo,učivo,S,S,i,s,4,-,-,9
zo,z,E,v,2,-,-,-,-,10
všetkých,všetok,P,F,i,p,2,-,-,11
predmetov,predmet,S,S,i,p,2,-,-,12
.,.,Z,-,-,-,-,-,-,13
Ani,ani,O,-,-,-,-,-,-,1
sme,byť,V,K,e,p,a,+,-,2
sa,sa,R,-,-,-,-,-,-,3
nenazdali,nazdať,V,L,d,p,a,h,-,4
a,a,O,-,-,-,-,-,-,5
ocitli,ocitnúť,V,L,d,p,a,h,+,6
sme,byť,V,K,e,p,a,+,-,7
sa,sa,R,-,-,-,-,-,-,8
v,v,E,u,6,-,-,-,-,9
deviatom,deviaty,N,A,i,s,6,-,-,10
ročníku,ročník,S,S,i,s,6,-,-,11
.,.,Z,-,-,-,-,-,-,12
Myslíme,myslieť,V,K,e,p,a,+,-,1
si,si,R,-,-,-,-,-,-,2
",",",",Z,-,-,-,-,-,-,3
že,že,O,-,-,-,-,-,-,4
tento,tento,P,F,i,s,1,-,-,5
posledný,posledný,N,A,i,s,1,-,-,6
ročník,ročník,S,S,i,s,1,-,-,7
v,v,E,u,6,-,-,-,-,8
našej,náš,P,F,f,s,6,-,-,9
škole,škola,S,S,f,s,6,-,-,10
bude,byť,V,B,e,s,c,+,-,11
náročný,náročný,A,A,i,s,1,x,-,12
aj,aj,T,-,-,-,-,-,-,13
pre,pre,E,u,4,-,-,-,-,14
žiakov,žiak,S,S,m,p,4,-,-,15
",",",",Z,-,-,-,-,-,-,16
aj,aj,O,-,-,-,-,-,-,17
pre,pre,E,u,4,-,-,-,-,18
učiteľov,učiteľ,S,S,m,p,4,-,-,19
",",",",Z,-,-,-,-,-,-,20
aj,aj,O,-,-,-,-,-,-,21
pre,pre,E,u,4,-,-,-,-,22
rodičov,rodič,S,S,m,p,4,-,-,23
.,.,Z,-,-,-,-,-,-,24
Najťažšie,ťažký,A,A,n,s,1,y,-,1
je,byť,V,K,e,s,c,+,-,2
zopakovať,zopakovať,V,I,d,+,-,-,-,3
si,si,R,-,-,-,-,-,-,4
pravopis,pravopis,S,S,i,s,4,-,-,5
",",",",Z,-,-,-,-,-,-,6
pretože,pretože,O,-,-,-,-,-,-,7
sme,byť,V,K,e,p,a,+,-,8
cez,cez,E,u,4,-,-,-,-,9
prázdniny,prázdniny,S,S,f,p,4,-,-,10
veľmi,veľmi,D,x,-,-,-,-,-,11
nepísali,písať,V,L,e,p,a,h,-,12
do,do,E,u,2,-,-,-,-,13
zošitov,zošit,S,S,i,p,2,-,-,14
",",",",Z,-,-,-,-,-,-,15
ale,ale,O,-,-,-,-,-,-,16
sme,byť,V,K,e,p,a,+,-,17
sa,sa,R,-,-,-,-,-,-,18
vozili,voziť,V,L,d,p,a,h,+,19
na,na,E,u,6,-,-,-,-,20
bicykli,bicykel,S,S,f,s,6,-,-,21
",",",",Z,-,-,-,-,-,-,22
hrali,hrať,V,L,e,p,a,h,+,23
futbal,futbal,S,S,i,s,4,-,-,24
",",",",Z,-,-,-,-,-,-,25
počítačové,počítačový,A,A,f,p,4,x,-,26
hry,hra,S,S,f,p,4,-,-,27
",",",",Z,-,-,-,-,-,-,28
pozerali,pozerať,V,L,e,p,c,h,+,29
seriály,seriál,S,S,i,p,4,-,-,30
alebo,alebo,O,-,-,-,-,-,-,31
sa,sa,R,-,-,-,-,-,-,32
opaľovali,opaľovať,V,L,e,p,a,h,+,33
pri,pri,E,u,6,-,-,-,-,34
bazéne,bazén,S,S,i,s,6,-,-,35
.,.,Z,-,-,-,-,-,-,36
Boli,byť,V,L,e,p,a,h,+,1
sme,byť,V,K,e,p,a,+,-,2
aj,aj,T,-,-,-,-,-,-,3
v,v,E,u,6,-,-,-,-,4
zoologickej,zoologický,A,A,f,s,6,x,-,5
záhrade,záhrada,S,S,f,s,6,-,-,6
v,v,E,u,6,-,-,-,-,7
Bratislave,bratislava,S,S,f,s,6,:,r,8
",",",",Z,-,-,-,-,-,-,9
kde,kde,P,D,-,-,-,-,-,10
sme,byť,V,K,e,p,a,+,-,11
videli,vidieť,V,L,e,p,a,h,+,12
hady,hada,S,S,i,p,4,-,-,13
",",",",Z,-,-,-,-,-,-,14
leopardy,leoparda,S,S,i,p,4,-,-,15
",",",",Z,-,-,-,-,-,-,16
paviány,pavián,S,S,i,p,4,-,-,17
",",",",Z,-,-,-,-,-,-,18
slony,slon,S,S,i,p,4,-,-,19
a,a,O,-,-,-,-,-,-,20
medvede,medveď,S,S,i,p,4,-,-,21
.,.,Z,-,-,-,-,-,-,22
Keď,keď,O,-,-,-,-,-,-,1
posielame,posielať,V,K,e,p,a,+,-,2
správy,správa,S,S,f,p,4,-,-,3
z,z,E,u,2,-,-,-,-,4
mobilných,mobilný,A,A,i,p,2,x,-,5
telefónov,telefón,S,S,i,p,2,-,-,6
",",",",Z,-,-,-,-,-,-,7
takmer,takmer,T,-,-,-,-,-,-,8
nikto,nikto,P,F,m,s,1,-,-,9
nepoužíva,používať,V,K,e,s,c,-,-,10
interpunkčné,interpunkčný,A,A,n,p,4,x,-,11
znamienka,znamienka,S,S,n,p,4,-,-,12
.,.,Z,-,-,-,-,-,-,13
Pozabúdali,pozabúdať,V,L,e,p,a,h,+,1
sme,byť,V,K,e,p,a,+,-,2
morfológiu,morfológia,S,S,f,s,4,-,-,3
aj,aj,T,-,-,-,-,-,-,4
syntax,syntax,S,S,f,s,4,-,-,5
.,.,Z,-,-,-,-,-,-,6
Častokrát,častokrát,D,x,-,-,-,-,-,1
si,si,R,-,-,-,-,-,-,2
nespomenieme,spomenúť,V,K,d,p,a,-,-,3
",",",",Z,-,-,-,-,-,-,4
kde,kde,P,D,-,-,-,-,-,5
sa,sa,R,-,-,-,-,-,-,6
píše,písať,V,K,e,s,c,+,-,7
čiarka,čiarka,S,S,f,s,1,-,-,8
vo,v,E,v,6,-,-,-,-,9
vete,veta,S,S,f,s,6,-,-,10
.,.,Z,-,-,-,-,-,-,11
Takmer,takmer,T,-,-,-,-,-,-,1
z,z,E,u,2,-,-,-,-,2
každého,každý,P,A,i,s,2,-,-,3
predmetu,predmet,S,S,i,s,2,-,-,4
nás,my,P,P,h,p,4,-,-,5
čaká,čakať,V,K,e,s,c,+,-,6
vstupný,vstupný,A,A,i,s,1,x,-,7
test,test,S,S,i,s,1,-,-,8
",",",",Z,-,-,-,-,-,-,9
aby,aby,O,Y,-,-,-,-,-,10
si,si,R,-,-,-,-,-,-,11
pani,pani,S,U,f,s,1,-,-,12
učiteľky,učiteľka,S,S,f,s,2,-,-,13
overili,overiť,V,L,d,p,c,f,+,14
",",",",Z,-,-,-,-,-,-,15
čo,čo,P,F,n,s,4,-,-,16
všetko,všetok,P,F,n,s,4,-,-,17
vieme,vedieť,V,K,e,p,a,+,-,18
alebo,alebo,O,-,-,-,-,-,-,19
nevieme,vedieť,V,K,e,p,a,-,-,20
.,.,Z,-,-,-,-,-,-,21
O,o,E,u,4,-,-,-,-,1
pár,pár,N,U,n,s,4,-,-,2
mesiacov,mesiac,S,S,i,p,2,-,-,3
nás,my,P,P,h,p,4,-,-,4
čakajú,čakať,V,K,e,p,c,+,-,5
dôležité,dôležitý,A,A,f,p,1,x,-,6
prijímacie,prijímací,A,A,f,p,1,x,-,7
skúšky,skúška,S,S,f,p,1,-,-,8
na,na,E,u,4,-,-,-,-,9
stredné,stredný,A,A,f,p,4,x,-,10
školy,škola,S,S,f,p,4,-,-,11
.,.,Z,-,-,-,-,-,-,12
Musíme,musieť,V,K,e,p,a,+,-,1
sa,sa,R,-,-,-,-,-,-,2
dobre,dobre,D,x,-,-,-,-,-,3
pripraviť,pripraviť,V,I,d,+,-,-,-,4
",",",",Z,-,-,-,-,-,-,5
aby,aby,O,Y,-,-,-,-,-,6
sme,byť,V,K,e,p,a,+,-,7
si,si,R,-,-,-,-,-,-,8
splnili,splniť,V,L,d,p,a,h,+,9
sny,sen,S,S,i,p,4,-,-,10
o,o,E,u,6,-,-,-,-,11
svojom,svoj,P,F,n,s,6,-,-,12
budúcom,budúci,A,A,n,s,6,x,-,13
povolaní,povolanie,S,S,n,s,6,-,-,14
.,.,Z,-,-,-,-,-,-,15
Výchovno-vzdelávací,výchovno-vzdelávací,A,A,i,s,1,x,-,1
proces,proces,S,S,i,s,1,-,-,2
v,v,E,u,6,-,-,-,-,3
školskom,školský,A,A,i,s,6,x,-,4
roku,rok,S,S,i,s,6,-,-,5
2020/2021,2020/2021,0,-,-,-,-,-,-,6
je,byť,V,K,e,s,c,+,-,7
v,v,E,u,6,-,-,-,-,8
plnom,plný,A,A,i,s,6,x,-,9
prúde,prúd,S,S,i,s,6,-,-,10
.,.,Z,-,-,-,-,-,-,11
Na,na,E,u,4,-,-,-,-,1
cestu,cesta,S,S,f,s,4,-,-,2
za,za,E,u,7,-,-,-,-,3
poznaním,poznanie,S,S,n,s,7,-,-,4
interpunkčných,interpunkčný,A,A,f,p,2,x,-,5
znamienok,znamienok,S,S,f,p,2,-,-,6
sme,byť,V,K,e,p,a,+,-,7
sa,sa,R,-,-,-,-,-,-,8
však,však,T,-,-,-,-,-,-,9
vydali,vydať,V,L,d,p,a,h,+,10
už,už,T,-,-,-,-,-,-,11
v,v,E,u,6,-,-,-,-,12
1,1,0,-,-,-,-,-,-,13
.,.,Z,-,-,-,-,-,-,14
ročníku,ročník,S,S,i,s,6,-,-,15
.,.,Z,-,-,-,-,-,-,16
Zoznamovali,zoznamovať,V,L,e,p,a,h,+,1
sme,byť,V,K,e,p,a,+,-,2
sa,sa,R,-,-,-,-,-,-,3
s,s,E,u,7,-,-,-,-,4
nimi,on,P,F,m,p,7,-,-,5
vo,v,E,v,6,-,-,-,-,6
všetkých,všetok,P,F,i,p,6,-,-,7
predmetoch,predmety,S,S,i,p,6,-,-,8
.,.,Z,-,-,-,-,-,-,9
Na,na,E,u,6,-,-,-,-,1
hodinách,hodina,S,S,f,p,6,-,-,2
slovenčiny,slovenčina,S,S,f,s,2,-,-,3
nás,my,P,P,h,p,4,-,-,4
zaujali,zaujať,V,L,d,p,c,i,+,5
milé,milý,A,A,i,p,1,x,-,6
verše,verš,S,S,i,p,1,-,-,7
Márie,mária,S,S,f,s,2,:,r,8
Rázusovej-Martákovej,rázusovej-Mkovertákový,A,F,f,s,2,x,:,9
i,i,O,-,-,-,-,-,-,10
povesti,povesť,S,S,f,s,2,-,-,11
Jozefa,jozefa,S,S,m,s,2,:,r,12
Cígera-Hronského,cígera-,A,F,m,s,2,x,:,13
.,.,Z,-,-,-,-,-,-,14
Neskôr,neskôr,D,x,-,-,-,-,-,1
sme,byť,V,K,e,p,a,+,-,2
spoznávali,spoznávať,V,L,e,p,a,h,+,3
múdrosť,múdrosť,S,S,f,s,4,-,-,4
našich,náš,P,F,i,p,2,-,-,5
predkov,predok,S,S,i,p,2,-,-,6
v,v,E,u,6,-,-,-,-,7
prísloviach,príslo,S,S,n,p,6,-,-,8
:,:,Z,-,-,-,-,-,-,9
mladosť,mladosť,S,S,f,s,4,-,-,10
–,–,Z,-,-,-,-,-,-,11
pochabosť,pochabosť,S,S,f,s,4,-,-,12
",",",",Z,-,-,-,-,-,-,13
staroba,staroba,S,S,f,s,1,-,-,14
–,–,Z,-,-,-,-,-,-,15
choroba,choroba,S,S,f,s,1,-,-,16
",",",",Z,-,-,-,-,-,-,17
sľuboval,sľubovať,V,L,e,s,c,i,+,18
hory,hora,S,S,f,p,4,-,-,19
–,–,Z,-,-,-,-,-,-,20
doly,dola,S,S,i,s,1,-,-,21
a,a,O,-,-,-,-,-,-,22
nepodá,podať,V,K,d,s,c,+,-,23
pohár,pohár,S,S,i,s,4,-,-,24
vody,voda,S,S,f,s,2,-,-,25
",",",",Z,-,-,-,-,-,-,26
sto,sto,N,U,n,s,4,-,-,27
hláv,hlava,S,S,f,p,2,-,-,28
–,–,Z,-,-,-,-,-,-,29
sto,sto,N,U,n,s,4,-,-,30
rozumov,rozum,S,S,i,p,2,-,-,31
.,.,Z,-,-,-,-,-,-,32
V,v,E,u,6,-,-,-,-,1
dejepise,dejepis,S,S,i,s,6,-,-,2
sme,byť,V,K,e,p,a,+,-,3
sa,sa,R,-,-,-,-,-,-,4
učili,učiť,V,L,e,p,a,h,+,5
o,o,E,u,6,-,-,-,-,6
Rakúsko-Uhorsku,rakúsko-,S,S,n,s,6,:,r,7
i,i,O,-,-,-,-,-,-,8
rozdelení,rozdelenie,S,S,n,s,6,-,-,9
Česko-Slovenska,česko-Slovensko,S,S,n,s,2,:,r,10
.,.,Z,-,-,-,-,-,-,11
",",",",Z,-,-,-,-,-,-,1
",",",",Z,-,-,-,-,-,-,2
Zem,zem,S,S,f,s,1,-,-,3
obieha,obiehať,V,K,e,s,c,+,-,4
okolo,okolo,E,u,2,-,-,-,-,5
Slnka,slnka,S,S,n,s,2,:,r,6
priemernou,priemerný,A,A,f,s,7,x,-,7
rýchlosťou,rýchlosť,S,S,f,s,7,-,-,8
29,29,0,-,-,-,-,-,-,9
",",",",Z,-,-,-,-,-,-,10
8,8,0,-,-,-,-,-,-,11
km/s,km/s,S,S,f,s,2,-,-,12
",",",",Z,-,-,-,-,-,-,13
“,“,Z,-,-,-,-,-,-,14
odznelo,odznieť,V,L,d,s,c,n,+,15
na,na,E,u,6,-,-,-,-,16
fyzike,fyzika,S,S,f,s,6,-,-,17
.,.,Z,-,-,-,-,-,-,18
Voľky-nevoľky,voľky-nevoľky,S,S,f,p,1,-,-,1
sme,byť,V,K,e,p,a,+,-,2
riešili,riešiť,V,L,e,p,a,h,+,3
i,i,T,-,-,-,-,-,-,4
príklady,príklad,S,S,i,p,4,-,-,5
na,na,E,u,4,-,-,-,-,6
pohyb,pohyb,S,S,i,s,4,-,-,7
i,i,O,-,-,-,-,-,-,8
v,v,E,u,6,-,-,-,-,9
matematike,matematika,S,S,f,s,6,-,-,10
.,.,Z,-,-,-,-,-,-,11
Našimi,náš,P,F,m,p,7,-,-,1
vernými,verný,A,A,m,p,7,x,-,2
pomocníkmi,pomocník,S,S,m,p,7,-,-,3
na,na,E,u,6,-,-,-,-,4
angličtine,angličtina,S,S,f,s,6,-,-,5
sú,byť,V,K,e,p,c,+,-,6
anglicko-slovenské,anglicko-slovenský,A,A,i,p,1,x,-,7
slovníky,slovník,S,S,i,p,1,-,-,8
.,.,Z,-,-,-,-,-,-,9
Blíži,blížiť,V,K,e,s,c,+,-,1
sa,sa,R,-,-,-,-,-,-,2
čas,čas,S,S,i,s,1,-,-,3
Vianoc,vianoc,S,S,i,p,2,:,r,4
.,.,Z,-,-,-,-,-,-,5
Hurá,hurá,J,-,-,-,-,-,-,1
!,!,Z,-,-,-,-,-,-,2
Budeme,byť,V,B,e,p,a,+,-,1
písať,písať,V,I,e,+,-,-,-,2
esemesky,esemesk,S,S,i,p,4,-,-,3
k,k,E,u,3,-,-,-,-,4
Vianociam,vianociam,S,S,f,s,3,:,r,5
aj,aj,T,-,-,-,-,-,-,6
s,s,E,u,7,-,-,-,-,7
interpunkciou,interpunkcia,S,S,f,s,7,-,-,8
?,?,Z,-,-,-,-,-,-,9
O,o,E,u,6,-,-,-,-,1
pohánke,pohánka,S,S,f,s,6,-,-,2
sa,sa,R,-,-,-,-,-,-,3
tradujú,tradovať,V,K,e,p,c,+,-,4
tri,tri,N,N,i,p,1,-,-,5
chýry,chýra,S,S,i,p,1,-,-,6
",",",",Z,-,-,-,-,-,-,7
z,z,E,u,2,-,-,-,-,8
ktorých,ktorý,P,A,f,p,2,-,-,9
dva,dva,N,X,i,p,1,-,-,10
sú,byť,V,K,e,p,c,+,-,11
zaručene,zaručene,D,x,-,-,-,-,-,12
nepravdivé,pravdivý,A,A,i,p,1,x,-,13
.,.,Z,-,-,-,-,-,-,14
Hovorí,hovoriť,V,K,e,s,c,+,-,1
sa,sa,R,-,-,-,-,-,-,2
",",",",Z,-,-,-,-,-,-,3
že,že,O,-,-,-,-,-,-,4
je,byť,V,K,e,s,c,+,-,5
to,to,P,F,n,s,1,-,-,6
jedlo,jedlo,S,S,n,s,1,-,-,7
chudobných,chudobný,A,A,f,p,2,x,-,8
.,.,Z,-,-,-,-,-,-,9
Naši,náš,P,F,m,p,1,-,-,1
predkovia,predok,S,S,m,p,1,-,-,2
mali,mať,V,L,e,p,c,m,+,3
pohánkovú,pohánkový,A,A,f,s,4,x,-,4
kašu,kaša,S,S,f,s,4,-,-,5
na,na,E,u,6,-,-,-,-,6
stole,stôl,S,S,i,s,6,-,-,7
častejšie,často,D,y,-,-,-,-,-,8
ako,ako,O,-,-,-,-,-,-,9
zemiaky,zemiak,S,S,i,p,4,-,-,10
.,.,Z,-,-,-,-,-,-,11
Dnes,dnes,D,x,-,-,-,-,-,1
to,to,P,F,n,s,1,-,-,2
však,však,T,-,-,-,-,-,-,3
neplatí,platiť,V,K,e,s,c,-,-,4
",",",",Z,-,-,-,-,-,-,5
lebo,lebo,O,-,-,-,-,-,-,6
zažíva,zažívať,V,K,e,s,c,+,-,7
renesanciu,renesancia,S,S,f,s,4,-,-,8
najmä,najmä,T,-,-,-,-,-,-,9
v,v,E,u,6,-,-,-,-,10
obchodoch,obchod,S,S,i,p,6,-,-,11
so,s,E,v,7,-,-,-,-,12
zdravou,zdravý,A,A,f,s,7,x,-,13
výživou,výživ,S,S,f,s,7,-,-,14
.,.,Z,-,-,-,-,-,-,15
Neplatí,platiť,V,K,e,s,c,-,-,1
ani,ani,O,-,-,-,-,-,-,2
druhý,druhý,N,A,i,s,4,-,-,3
mýtus,mýtus,S,S,i,s,4,-,-,4
",",",",Z,I,P,-,-,-,-,5
ktorý,ktorý,P,A,i,s,1,-,-,6
zaraďuje,zaraďovať,V,K,e,s,c,+,-,7
pohánku,pohánok,S,S,f,s,4,-,-,8
medzi,medzi,E,u,4,-,-,-,-,9
obilniny,obilniny,S,S,f,p,4,-,-,10
.,.,Z,-,-,-,-,-,-,11
Aj,aj,O,-,-,-,-,-,-,1
keď,keď,O,-,-,-,-,-,-,2
nejde,ísť,V,K,e,s,c,-,-,3
o,o,E,u,4,-,-,-,-,4
obilninu,obilnina,S,S,f,s,4,-,-,5
",",",",Z,-,-,-,-,-,-,6
veľmi,veľmi,D,x,-,-,-,-,-,7
sa,sa,R,-,-,-,-,-,-,8
na,na,E,u,4,-,-,-,-,9
ňu,ona,P,F,f,s,4,-,-,10
ponáša,ponášať,V,K,e,s,c,+,-,11
.,.,Z,-,-,-,-,-,-,12
Príbuzná,príbuzný,A,A,f,s,1,x,-,1
je,byť,V,K,e,s,c,+,-,2
napríklad,napríklad,T,-,-,-,-,-,-,3
s,s,E,u,7,-,-,-,-,4
rebarborou,rebarbor,S,S,f,s,7,-,-,5
či,či,O,-,-,-,-,-,-,6
šťaveľom,šťaveľ,S,S,m,s,7,-,-,7
.,.,Z,-,-,-,-,-,-,8
Stáva,stať,V,K,e,s,c,+,-,1
sa,sa,R,-,-,-,-,-,-,2
neoceniteľnou,neoceniteľný,A,A,f,s,7,x,-,3
náhradou,náhrada,S,S,f,s,7,-,-,4
pre,pre,E,u,4,-,-,-,-,5
celiatikov,celiatik,S,S,i,p,4,-,-,6
a,a,O,-,-,-,-,-,-,7
je,byť,V,K,e,s,c,+,-,8
vhodná,vhodný,A,A,f,s,1,x,-,9
aj,aj,T,-,-,-,-,-,-,10
pre,pre,E,u,4,-,-,-,-,11
úplne,úplne,D,x,-,-,-,-,-,12
malé,malý,A,A,n,p,4,x,-,13
deti,dieťa,S,S,n,p,4,-,-,14
.,.,Z,-,-,-,-,-,-,15
Zvyšuje,zvyšovať,V,K,e,s,c,+,-,1
pružnosť,pružnosť,S,S,f,s,4,-,-,2
krvných,krvný,A,A,f,p,2,x,-,3
ciev,ceva,S,S,f,p,2,-,-,4
a,a,O,-,-,-,-,-,-,5
pomáha,pomáhať,V,K,e,s,c,+,-,6
regulovať,regulovať,V,I,e,+,-,-,-,7
zrážavosť,zrážavosť,S,S,f,s,4,-,-,8
krvi,krv,S,S,f,s,2,-,-,9
.,.,Z,-,-,-,-,-,-,10
Je,byť,V,K,e,s,c,+,-,1
ľahko,ľahko,D,x,-,-,-,-,-,2
stráviteľná,stráviteľný,A,A,f,s,1,x,-,3
a,a,O,-,-,-,-,-,-,4
obsahuje,obsahovať,V,K,e,s,c,+,-,5
veľa,veľa,N,U,n,s,4,-,-,6
vlákniny,vláknina,S,S,f,s,2,-,-,7
.,.,Z,-,-,-,-,-,-,8
Pohánkové,pohánkový,A,A,n,s,1,x,-,1
zrno,zrno,S,S,n,s,1,-,-,2
sa,sa,R,-,-,-,-,-,-,3
podáva,podávať,V,K,e,s,c,+,-,4
ako,ako,O,-,-,-,-,-,-,5
príloha,príloha,S,S,f,s,1,-,-,6
namiesto,namiesto,E,u,2,-,-,-,-,7
ryže,ryža,S,S,f,s,2,-,-,8
alebo,alebo,O,-,-,-,-,-,-,9
ako,ako,O,-,-,-,-,-,-,10
základ,základ,S,S,i,s,1,-,-,11
do,do,E,u,2,-,-,-,-,12
šalátov,šalát,S,S,i,p,2,-,-,13
či,či,O,-,-,-,-,-,-,14
nákypov,nákyp,S,S,i,p,2,-,-,15
.,.,Z,-,-,-,-,-,-,16
Pravdivý,pravdivý,A,A,i,s,1,x,-,1
je,byť,V,K,e,s,c,+,-,2
iba,iba,T,-,-,-,-,-,-,3
pôvod,pôvod,S,S,i,s,1,-,-,4
jej,jej,P,U,i,s,2,-,-,5
názvu,názov,S,S,i,s,2,-,-,6
.,.,Z,-,-,-,-,-,-,7
Ten,ten,P,F,m,s,1,-,-,1
jej,ona,P,F,f,s,3,-,-,2
prischol,prischnúť,V,L,d,s,c,m,+,3
práve,práve,T,-,-,-,-,-,-,4
preto,preto,P,D,-,-,-,-,-,5
",",",",Z,-,-,-,-,-,-,6
že,že,O,-,-,-,-,-,-,7
ju,ona,P,F,f,s,4,-,-,8
sem,sem,P,D,-,-,-,-,-,9
priniesli,priniesť,V,L,d,p,c,m,+,10
pohania,pohanie,S,S,m,p,1,-,-,11
.,.,Z,-,-,-,-,-,-,12
Konkrétne,konkrétne,A,A,m,p,1,x,-,1
Tatári,taták,S,S,m,p,1,-,-,2
počas,počas,E,u,2,-,-,-,-,3
svojich,svoj,P,F,i,p,2,-,-,4
inváznych,invázny,A,A,i,p,2,x,-,5
nájazdov,nájazd,S,S,i,p,2,-,-,6
v,v,E,u,6,-,-,-,-,7
13,13,0,-,-,-,-,-,-,8
.,.,Z,-,-,-,-,-,-,9
storočí,storočie,S,S,n,s,6,-,-,10
.,.,Z,-,-,-,-,-,-,11
Milí,milý,A,A,m,p,1,x,-,1
deviataci,deviataci,S,S,m,p,1,-,-,2
",",",",Z,-,-,-,-,-,-,3
spomínate,spomínať,V,K,e,p,b,+,-,4
si,si,R,-,-,-,-,-,-,5
ešte,ešte,T,-,-,-,-,-,-,6
na,na,E,u,4,-,-,-,-,7
svoj,svoj,P,F,i,s,4,-,-,8
prvý,prvý,N,A,i,s,4,-,-,9
školský,školský,A,A,i,s,4,x,-,10
deň,deň,S,S,i,s,4,-,-,11
?,?,Z,-,-,-,-,-,-,12
Bolo,byť,V,L,e,s,c,n,+,1
to,to,P,F,n,s,1,-,-,2
pred,pred,E,u,7,-,-,-,-,3
deviatimi,desať,N,N,i,p,7,-,-,4
rokmi,rok,S,S,i,p,7,-,-,5
",",",",Z,-,-,-,-,-,-,6
keď,keď,O,-,-,-,-,-,-,7
ste,byť,V,K,e,p,b,+,-,8
s,s,E,u,7,-,-,-,-,9
rukou,ruka,S,S,f,s,7,-,-,10
v,v,E,u,6,-,-,-,-,11
maminej,mamin,A,A,f,s,6,x,-,12
dlani,dlaň,S,S,f,s,6,-,-,13
vstúpili,vstúpiť,V,L,d,p,a,h,+,14
do,do,E,u,2,-,-,-,-,15
prváckej,prvácky,A,A,f,s,2,x,-,16
triedy,trieda,S,S,f,s,2,-,-,17
.,.,Z,-,-,-,-,-,-,18
So,s,E,v,7,-,-,-,-,1
zatajeným,zatajený,G,t,i,s,7,x,-,2
dychom,dych,S,S,i,s,7,-,-,3
ste,byť,V,K,e,p,b,+,-,4
počúvali,počúvať,V,L,e,p,b,h,+,5
milé,milý,A,A,n,p,4,x,-,6
slová,slovo,S,S,n,p,4,-,-,7
pani,pani,S,U,f,s,1,-,-,8
učiteľky,učiteľka,S,S,f,s,2,-,-,9
.,.,Z,-,-,-,-,-,-,10
Postupne,postupne,D,x,-,-,-,-,-,1
ste,byť,V,K,e,p,b,+,-,2
sa,sa,R,-,-,-,-,-,-,3
naučili,naučiť,V,L,d,p,a,h,+,4
prvé,prvý,N,A,n,p,4,-,-,5
písmená,písmeno,S,S,n,p,4,-,-,6
",",",",Z,-,-,-,-,-,-,7
zvládli,zvládnuť,V,L,d,p,a,h,+,8
ste,byť,V,K,e,p,b,+,-,9
prečítať,prečítať,V,I,d,+,-,-,-,10
aj,aj,T,-,-,-,-,-,-,11
prvé,prvý,N,A,f,p,4,-,-,12
slabiky,slabika,S,S,f,p,4,-,-,13
a,a,O,-,-,-,-,-,-,14
slová,slovo,S,S,n,p,4,-,-,15
.,.,Z,-,-,-,-,-,-,16
Detské,detský,A,A,i,p,1,x,-,1
roky,rok,S,S,i,p,1,-,-,2
v,v,E,u,6,-,-,-,-,3
škole,škola,S,S,f,s,6,-,-,4
ubehli,ubehnúť,V,L,d,p,c,i,+,5
ako,ako,O,-,-,-,-,-,-,6
voda,voda,S,S,f,s,1,-,-,7
a,a,O,-,-,-,-,-,-,8
zrazu,zrazu,D,x,-,-,-,-,-,9
ste,byť,V,K,e,p,b,+,-,10
stáli,stáť,V,L,e,p,a,h,+,11
pred,pred,E,u,7,-,-,-,-,12
ťažkým,ťažký,A,A,n,s,7,x,-,13
rozhodnutím,rozhodnutie,S,S,n,s,7,-,-,14
.,.,Z,-,-,-,-,-,-,15
Niektorí,niektorý,P,A,m,p,1,-,-,1
riešili,riešiť,V,L,e,p,c,m,+,2
dilemu,dilem,S,S,f,s,4,-,-,3
",",",",Z,-,-,-,-,-,-,4
ktorú,ktorý,P,A,f,s,4,-,-,5
strednú,stredný,A,A,f,s,4,x,-,6
školu,škola,S,S,f,s,4,-,-,7
si,si,R,-,-,-,-,-,-,8
vybrať,vybrať,V,I,d,+,-,-,-,9
.,.,Z,-,-,-,-,-,-,10
Napokon,napokon,D,x,-,-,-,-,-,1
ste,byť,V,K,e,p,b,+,-,2
sa,sa,R,-,-,-,-,-,-,3
prihlásili,prihlásiť,V,L,d,p,a,h,+,4
tam,tam,P,D,-,-,-,-,-,5
",",",",Z,-,-,-,-,-,-,6
kde,kde,P,D,-,-,-,-,-,7
vidíte,vidieť,V,K,e,p,b,+,-,8
svoje,svoj,P,F,n,s,4,-,-,9
uplatnenie,uplatnenie,S,S,n,s,4,-,-,10
v,v,E,u,6,-,-,-,-,11
ďalšom,ďalší,A,A,i,s,6,x,-,12
živote,život,S,S,i,s,6,-,-,13
.,.,Z,-,-,-,-,-,-,14
Teraz,teraz,D,x,-,-,-,-,-,1
si,si,R,-,-,-,-,-,-,2
určite,určite,T,-,-,-,-,-,-,3
užijete,užiť,V,K,d,p,b,+,-,4
letné,letný,A,A,f,p,4,x,-,5
prázdniny,prázdniny,S,S,f,p,4,-,-,6
",",",",Z,-,-,-,-,-,-,7
mnohí,môj,P,A,m,p,1,-,-,8
v,v,E,u,6,-,-,-,-,9
dovolenkových,dovolenkový,A,A,f,p,6,x,-,10
destináciách,destinácia,S,S,f,p,6,-,-,11
nielen,nielen,T,-,-,-,-,-,-,12
na,na,E,u,6,-,-,-,-,13
Slovensku,slovensko,S,S,n,s,6,:,r,14
",",",",Z,-,-,-,-,-,-,15
ale,ale,O,-,-,-,-,-,-,16
aj,aj,T,-,-,-,-,-,-,17
v,v,E,u,6,-,-,-,-,18
iných,iný,P,A,f,p,6,-,-,19
európskych,európsky,A,A,f,p,6,x,-,20
krajinách,krajina,S,S,f,p,6,-,-,21
.,.,Z,-,-,-,-,-,-,22
V,v,E,u,6,-,-,-,-,1
septembri,september,S,S,i,s,6,-,-,2
vás,vy,P,P,h,p,4,-,-,3
privíta,privítať,V,K,d,s,c,+,-,4
stredná,stredný,A,A,f,s,1,x,-,5
škola,škola,S,S,f,s,1,-,-,6
s,s,E,u,7,-,-,-,-,7
novými,nový,A,A,m,p,7,x,-,8
priateľmi,priateľ,S,S,m,p,7,-,-,9
i,i,O,-,-,-,-,-,-,10
učiteľmi,učiteľ,S,S,m,p,7,-,-,11
.,.,Z,-,-,-,-,-,-,12
Mnohí,mnoho,A,A,m,p,1,-,-,1
máte,mať,V,K,e,p,b,+,-,2
ambície,ambícia,S,S,f,p,4,-,-,3
úspešne,úspešne,D,x,-,-,-,-,-,4
zmaturovať,zmaturovať,V,I,e,+,-,-,-,5
a,a,O,-,-,-,-,-,-,6
potom,potom,D,x,-,-,-,-,-,7
sa,sa,R,-,-,-,-,-,-,8
prihlásiť,prihlásiť,V,I,d,+,-,-,-,9
na,na,E,u,4,-,-,-,-,10
vysokoškolské,vysokoškolský,A,A,n,s,4,x,-,11
štúdium,štúdium,S,S,n,s,4,-,-,12
.,.,Z,-,-,-,-,-,-,13
Tak,tak,P,D,-,-,-,-,-,1
veľa,veľa,N,U,n,s,4,-,-,2
zdaru,zdarať,V,K,d,s,c,+,-,3
a,a,O,-,-,-,-,-,-,4
životných,životný,A,A,i,p,2,x,-,5
úspechov,úspech,S,S,i,p,2,-,-,6
",",",",Z,-,-,-,-,-,-,7
milí,milý,A,A,m,p,1,x,-,8
deviataci,deviataci,S,S,m,p,1,-,-,9
!,!,Z,-,-,-,-,-,-,10
Na,na,E,u,6,-,-,-,-,1
školských,školský,A,A,i,p,6,x,-,2
výletoch,výlet,S,S,i,p,6,-,-,3
spoznávame,spoznávať,V,K,e,p,a,+,-,4
krásy,krása,S,S,f,p,4,-,-,5
Slovenska,slovensko,S,S,n,s,2,:,r,6
",",",",Z,-,-,-,-,-,-,7
kultúrne,kultúrny,A,A,f,p,4,x,-,8
a,a,O,-,-,-,-,-,-,9
historické,historický,A,A,f,p,4,x,-,10
pamiatky,pamiatka,S,S,f,p,4,-,-,11
.,.,Z,-,-,-,-,-,-,12
Siedmy,siedmy,N,A,i,s,1,-,-,1
jún,jún,S,S,i,s,1,-,-,2
bol,byť,V,L,e,s,c,i,+,3
naším,náš,P,F,i,s,7,-,-,4
výletným,výletný,A,A,i,s,7,x,-,5
dňom,deň,S,S,i,s,7,-,-,6
.,.,Z,-,-,-,-,-,-,7
Triedni,triedny,A,A,m,p,1,x,-,1
učitelia,učiteľ,S,S,m,p,1,-,-,2
odcestovali,odcestovať,V,L,e,p,c,m,+,3
s,s,E,u,7,-,-,-,-,4
dvadsiatimi,dvadsia,N,N,m,p,7,-,-,5
štyrmi,štyri,N,N,m,p,7,-,-,6
siedmakmi,siedmak,S,S,m,p,7,-,-,7
na,na,E,u,4,-,-,-,-,8
sever,sever,S,S,i,s,4,-,-,9
Slovenska,slovensko,S,S,n,s,2,:,r,10
.,.,Z,-,-,-,-,-,-,11
Dominantou,dominant,S,S,f,s,7,-,-,1
Oravy,orava,S,S,f,s,2,:,r,2
je,byť,V,K,e,s,c,+,-,3
Oravský,oravský,A,A,i,s,1,x,-,4
hrad,hrad,S,S,i,s,1,-,-,5
a,a,O,-,-,-,-,-,-,6
Oravská,oravský,A,A,f,s,1,x,:,7
priehrada,priehrad,S,S,f,s,1,-,-,8
.,.,Z,-,-,-,-,-,-,9
Niektorí,niektorý,P,A,m,p,1,-,-,1
žiaci,žiak,S,S,m,p,1,-,-,2
navštívili,navštíviť,V,L,d,p,c,m,+,3
túto,táto,P,F,f,s,4,-,-,4
lokalitu,lokalita,S,S,f,s,4,-,-,5
druhýkrát,druhýkrát,N,D,-,-,-,-,-,6
.,.,Z,-,-,-,-,-,-,7
Dozvedeli,dozvedieť,V,L,d,p,a,h,+,1
sme,byť,V,K,e,p,a,+,-,2
sa,sa,R,-,-,-,-,-,-,3
o,o,E,u,6,-,-,-,-,4
piatich,päť,N,N,f,p,6,-,-,5
zatopených,zatopený,G,t,f,p,6,x,-,6
dedinách,dedina,S,S,f,p,6,-,-,7
",",",",Z,-,-,-,-,-,-,8
ktoré,ktorý,P,A,f,p,1,-,-,9
zmizli,zmiznúť,V,L,d,p,c,f,+,10
pod,pod,E,u,7,-,-,-,-,11
vodou,voda,S,S,f,s,7,-,-,12
v,v,E,u,6,-,-,-,-,13
päťdesiatych,päťdesiata,N,U,i,p,6,-,-,14
rokoch,rok,S,S,i,p,6,-,-,15
minulého,minulý,A,A,n,s,2,x,-,16
storočia,storočie,S,S,n,s,2,-,-,17
.,.,Z,-,-,-,-,-,-,18
Priehrada,priehrada,S,S,f,s,1,-,-,1
nás,my,P,P,h,p,4,-,-,2
fascinovala,fascinovať,V,L,e,s,c,f,+,3
tridsiatimi,tridsia,N,U,f,p,7,-,-,4
ôsmimi,osem,N,N,f,p,7,-,-,5
metrami,meter,S,S,f,p,7,-,-,6
hĺbky,hĺbka,S,S,f,s,2,-,-,7
pri,pri,E,u,6,-,-,-,-,8
priehradnom,priehradný,A,A,i,s,6,x,-,9
múre,múr,S,S,i,s,6,-,-,10
.,.,Z,-,-,-,-,-,-,11
Oravským,oravský,A,A,i,s,7,x,-,1
hradom,hrad,S,S,i,s,7,-,-,2
nás,my,P,P,h,p,4,-,-,3
previedla,previesť,V,L,d,s,c,f,+,4
sympatická,sympatický,A,A,f,s,1,x,-,5
sprievodkyňa,sprievodkyňa,S,S,f,s,1,-,-,6
.,.,Z,-,-,-,-,-,-,7
Svoj,svoj,P,F,i,s,4,-,-,1
výklad,výklad,S,S,i,s,4,-,-,2
o,o,E,u,6,-,-,-,-,3
dávnej,dávny,A,A,f,s,6,x,-,4
minulosti,minulosť,S,S,f,s,6,-,-,5
doplnila,doplniť,V,L,d,s,c,f,+,6
aj,aj,T,-,-,-,-,-,-,7
fiktívnymi,fiktívny,A,A,i,p,7,x,-,8
príbehmi,príbeh,S,S,i,p,7,-,-,9
.,.,Z,-,-,-,-,-,-,10
Na,na,E,u,6,-,-,-,-,1
hrade,hrad,S,S,i,s,6,-,-,2
sa,sa,R,-,-,-,-,-,-,3
niekoľkokrát,niekoľkokrát,P,D,-,-,-,-,-,4
usadili,usadiť,V,L,d,p,c,m,+,5
filmári,filmár,S,S,m,p,1,-,-,6
.,.,Z,-,-,-,-,-,-,7
Počas,počas,E,u,2,-,-,-,-,1
prehliadky,prehliadka,S,S,f,s,2,-,-,2
sme,byť,V,K,e,p,a,+,-,3
zdolali,zdolať,V,L,d,p,a,h,+,4
šesťstošesťdesiattri,šesťstošesťdesiattri,N,U,n,s,4,-,-,5
schodov,schod,S,S,i,p,2,-,-,6
.,.,Z,-,-,-,-,-,-,7
Po,po,E,u,6,-,-,-,-,1
takomto,takýto,P,A,i,s,6,-,-,2
tréningu,tréning,S,S,i,s,6,-,-,3
by,by,Y,-,-,-,-,-,-,4
sme,byť,V,K,e,p,a,+,-,5
mohli,môcť,V,L,e,p,a,h,+,6
ísť,ísť,V,I,e,+,-,-,-,7
aj,aj,T,-,-,-,-,-,-,8
na,na,E,u,4,-,-,-,-,9
olympiádu,olympiád,S,S,f,s,4,-,-,10
.,.,Z,-,-,-,-,-,-,11
Zážitky,zážitok,S,S,i,p,1,-,-,1
sme,byť,V,K,e,p,a,+,-,2
zapísali,zapísať,V,L,d,p,a,h,+,3
do,do,E,u,2,-,-,-,-,4
denníkov,denník,S,S,i,p,2,-,-,5
.,.,Z,-,-,-,-,-,-,6
Domov,domov,D,x,-,-,-,-,-,1
sme,byť,V,K,e,p,a,+,-,2
sa,sa,R,-,-,-,-,-,-,3
vrátili,vrátiť,V,L,d,p,a,h,+,4
spokojní,spokojný,A,A,m,p,1,x,-,5
.,.,Z,-,-,-,-,-,-,6
Potulky,potulka,S,S,i,p,1,-,-,1
prírodou,príroda,S,S,f,s,7,-,-,2
často,často,D,x,-,-,-,-,-,3
využívajú,využívať,V,K,e,p,c,+,-,4
psíčkari,psíčkar,S,S,m,p,1,-,-,5
a,a,O,-,-,-,-,-,-,6
ich,ich,P,U,i,p,1,-,-,7
malé,malý,A,A,i,p,1,x,-,8
či,či,O,-,-,-,-,-,-,9
veľké,veľký,A,A,i,p,1,x,-,10
psy,pes,S,S,i,p,1,-,-,11
.,.,Z,-,-,-,-,-,-,12
Pánmi,pán,S,S,m,p,1,-,-,1
vzduchu,vzduch,S,S,i,s,2,-,-,2
sú,byť,V,K,e,p,c,+,-,3
orly,orol,S,S,i,p,1,-,-,4
",",",",Z,-,-,-,-,-,-,5
jastraby,jastrab,S,S,f,p,1,-,-,6
alebo,alebo,O,-,-,-,-,-,-,7
sokoly,sokol,S,S,i,p,1,-,-,8
.,.,Z,-,-,-,-,-,-,9
O,o,E,u,6,-,-,-,-,1
medveďovi,medveď,S,S,m,s,6,-,-,2
však,však,T,-,-,-,-,-,-,3
sníva,snívať,V,K,e,s,c,+,-,4
asi,asi,T,-,-,-,-,-,-,5
málokto,málokto,P,F,m,s,1,-,-,6
.,.,Z,-,-,-,-,-,-,7
Les,les,J,-,-,-,-,-,-,1
a,a,O,-,-,-,-,-,-,2
príroda,príroda,S,S,f,s,1,-,-,3
ukrývajú,ukrývať,V,K,e,p,c,+,-,4
mnohé,mnohý,N,A,i,p,1,-,-,5
divy,diva,S,S,i,p,4,-,-,6
",",",",Z,-,-,-,-,-,-,7
ktoré,ktorý,P,A,i,p,1,-,-,8
sme,byť,V,K,e,p,a,+,-,9
zatiaľ,zatiaľ,P,D,-,-,-,-,-,10
neobjavili,objaviť,V,L,d,p,a,h,-,11
.,.,Z,-,-,-,-,-,-,12
V,v,E,u,6,-,-,-,-,1
mokradiach,mokrada,S,S,n,p,6,-,-,2
s,s,E,u,7,-,-,-,-,3
bohatým,bohatý,A,A,i,s,7,x,-,4
porastom,porast,S,S,i,s,7,-,-,5
vodných,vodný,A,A,f,p,2,x,-,6
rastlín,rastlina,S,S,f,p,2,-,-,7
žijú,žiť,V,K,e,p,c,+,-,8
žaby,žaby,S,S,f,p,1,-,-,9
",",",",Z,-,-,-,-,-,-,10
hrochy,hrocha,S,S,i,p,1,-,-,11
a,a,O,-,-,-,-,-,-,12
krokodíly,krokodíl,S,S,i,p,1,-,-,13
.,.,Z,-,-,-,-,-,-,14
Obyvateľmi,obyvateľ,S,S,m,p,7,-,-,1
oceánov,oceán,S,S,i,p,2,-,-,2
sú,byť,V,K,e,p,c,+,-,3
aj,aj,T,-,-,-,-,-,-,4
veľryby,veľryba,S,S,f,p,1,-,-,5
",",",",Z,-,-,-,-,-,-,6
medúzy,medúza,S,S,i,p,1,-,-,7
i,i,O,-,-,-,-,-,-,8
žraloky,žraloky,S,S,i,p,1,-,-,9
.,.,Z,-,-,-,-,-,-,10
Losy,los,S,S,i,p,1,-,-,1
a,a,O,-,-,-,-,-,-,2
soby,soba,S,S,i,p,1,-,-,3
zase,zase,D,x,-,-,-,-,-,4
obývajú,obývať,V,K,e,p,c,+,-,5
tundry,tundra,S,S,f,p,4,-,-,6
.,.,Z,-,-,-,-,-,-,7
Veľké,veľký,A,A,f,p,1,x,-,1
ťažkosti,ťažkosť,S,S,f,p,1,-,-,2
im,on,P,F,m,p,3,-,-,3
spôsobuje,spôsobovať,V,K,e,s,c,+,-,4
hmyz,hmyz,S,S,i,s,4,-,-,5
.,.,Z,-,-,-,-,-,-,6
V,v,E,u,6,-,-,-,-,1
zoologickej,zoologický,A,A,f,s,6,x,-,2
záhrade,záhrada,S,S,f,s,6,-,-,3
sme,byť,V,K,e,p,a,+,-,4
videli,vidieť,V,L,e,p,a,h,+,5
pštrosy,pštros,S,S,i,p,4,-,-,6
",",",",Z,-,-,-,-,-,-,7
levy,lev,S,S,i,p,4,-,-,8
",",",",Z,-,-,-,-,-,-,9
žirafy,žirafa,S,S,f,p,4,-,-,10
",",",",Z,-,-,-,-,-,-,11
cudzokrajné,cudzokrajný,A,A,i,p,4,x,-,12
vtáky,vták,S,S,i,p,4,-,-,13
i,i,O,-,-,-,-,-,-,14
zúrivé,zúrivý,A,A,i,p,4,x,-,15
psy,pes,S,S,i,p,4,-,-,16
.,.,Z,-,-,-,-,-,-,17
Pri,pri,E,u,6,-,-,-,-,1
ohrade,ohrad,S,S,f,s,6,-,-,2
zavýjali,zavýjať,V,L,e,p,c,m,+,3
besní,besný,A,A,m,p,1,x,-,4
psi,pes,S,S,m,p,1,-,-,5
a,a,O,-,-,-,-,-,-,6
zúriví,zúrivý,A,A,m,p,1,x,-,7
vlci,vlk,S,S,m,p,1,-,-,8
.,.,Z,-,-,-,-,-,-,9
Ráno,ráno,D,x,-,-,-,-,-,1
sa,sa,R,-,-,-,-,-,-,2
Eskimáci,eskimác,S,S,m,p,1,:,r,3
chystajú,chystať,V,K,e,p,c,+,-,4
na,na,E,u,4,-,-,-,-,5
lov,lov,S,S,i,s,4,-,-,6
mrožov,mrož,S,S,i,p,2,-,-,7
.,.,Z,-,-,-,-,-,-,8
Poľovníci,poľovník,S,S,m,p,1,-,-,1
idú,ísť,V,K,e,p,c,+,-,2
so,s,E,v,7,-,-,-,-,3
svojimi,svoj,P,F,m,p,7,-,-,4
psami,psa,S,S,i,p,7,-,-,5
.,.,Z,-,-,-,-,-,-,6
Títo,tento,P,F,m,p,1,-,-,1
psi,pes,S,S,m,p,1,-,-,2
majú,mať,V,K,e,p,c,+,-,3
často,často,D,x,-,-,-,-,-,4
do,do,E,u,2,-,-,-,-,5
krvi,krv,S,S,f,s,2,-,-,6
zodraté,zodratý,G,t,f,p,4,x,-,7
paprčky,paprčka,S,S,f,p,4,-,-,8
.,.,Z,-,-,-,-,-,-,9
Povetrím,povetriť,V,K,d,s,a,+,-,1
sa,sa,R,-,-,-,-,-,-,2
ozývajú,ozývať,V,K,e,p,c,+,-,3
radostné,radostný,A,A,i,p,1,x,-,4
výkriky,výkrik,S,S,i,p,1,-,-,5
lovcov,lovec,S,S,m,p,2,-,-,6
.,.,Z,-,-,-,-,-,-,7
Umiestňovanie,umiestňovanie,S,S,n,s,1,-,-,1
reklám,reklo,S,S,f,p,2,-,-,2
na,na,E,u,4,-,-,-,-,3
mantinely,mantinel,S,S,f,p,4,-,-,4
zimných,zimný,A,A,i,p,2,x,-,5
štadiónov,štadión,S,S,i,p,2,-,-,6
je,byť,V,K,e,s,c,+,-,7
dobrým,dobrý,A,A,i,s,7,x,-,8
marketingovým,marketingový,A,A,i,s,7,x,-,9
ťahom,ťah,S,S,i,s,7,-,-,10
.,.,Z,-,-,-,-,-,-,11
Na,na,E,u,6,-,-,-,-,1
mantineli,mantineľ,S,S,f,s,6,-,-,2
vpravo,vpravo,D,x,-,-,-,-,-,3
dominovalo,dominovať,V,L,e,s,c,n,+,4
logo,logo,S,S,n,s,1,-,-,5
známej,známy,A,A,f,s,2,x,-,6
automobilky,automobilky,S,S,f,s,2,-,-,7
.,.,Z,-,-,-,-,-,-,8
V,v,E,u,6,-,-,-,-,1
decembri,december,S,S,i,s,6,-,-,2
na,na,E,u,6,-,-,-,-,3
svetovom,svetový,A,A,i,s,6,x,-,4
šampionáte,šampionát,S,S,i,s,6,-,-,5
v,v,E,u,6,-,-,-,-,6
krasokorčuľovaní,krasokorčuľovanie,S,S,n,s,6,-,-,7
malo,mať,V,L,e,s,c,n,+,8
aj,aj,T,-,-,-,-,-,-,9
Slovensko,slovensko,S,S,n,s,4,:,r,10
v,v,E,u,6,-,-,-,-,11
medzinárodnej,medzinárodný,A,A,f,s,6,x,-,12
skupine,skupina,S,S,f,s,6,-,-,13
svojho,svoj,P,F,m,s,2,-,-,14
zástupcu,zástupca,S,S,m,s,2,-,-,15
.,.,Z,-,-,-,-,-,-,16
Zahraniční,zahraničný,A,A,m,p,1,x,-,1
pretekári,pretekár,S,S,m,p,1,-,-,2
",",",",Z,-,-,-,-,-,-,3
tréneri,tréner,S,S,m,p,1,-,-,4
aj,aj,T,-,-,-,-,-,-,5
novinári,novinár,S,S,m,p,1,-,-,6
boli,byť,V,L,e,p,c,m,+,7
ubytovaní,ubytovaný,G,t,m,p,1,x,-,8
v,v,E,u,6,-,-,-,-,9
novom,nový,A,A,i,s,6,x,-,10
hoteli,hotel,S,S,i,s,6,-,-,11
.,.,Z,-,-,-,-,-,-,12
Od,od,E,u,2,-,-,-,-,1
domova,domov,S,S,i,s,2,-,-,2
ich,on,P,F,m,p,4,-,-,3
delili,deliť,V,L,e,p,c,i,+,4
kilometre,kilometer,S,S,i,p,1,-,-,5
.,.,Z,-,-,-,-,-,-,6
V,v,E,u,6,-,-,-,-,1
areáli,areál,S,S,i,s,6,-,-,2
hotela,hotel,S,S,i,s,2,-,-,3
sa,sa,R,-,-,-,-,-,-,4
poskytovali,poskytovať,V,L,e,p,c,f,+,5
rôzne,rôzny,A,A,f,p,1,x,-,6
služby,služba,S,S,f,p,1,-,-,7
",",",",Z,-,-,-,-,-,-,8
ktoré,ktorý,P,A,f,p,1,-,-,9
hostia,hosť,S,S,m,p,1,-,-,10
radi,rád,A,A,m,p,1,x,-,11
využívali,využívať,V,L,e,p,c,m,+,12
.,.,Z,-,-,-,-,-,-,13
V,v,E,u,6,-,-,-,-,1
kinosále,kinosál,S,S,f,s,6,-,-,2
bol,byť,V,L,e,s,c,i,+,3
najväčší,veľký,A,A,i,s,1,y,-,4
záujem,záujem,S,S,i,s,1,-,-,5
o,o,E,u,4,-,-,-,-,6
trilery,triler,S,S,i,p,4,-,-,7
",",",",Z,-,-,-,-,-,-,8
iné,iný,P,A,i,p,1,-,-,9
filmové,filmový,A,A,i,p,1,x,-,10
žánre,žánien,S,S,i,p,1,-,-,11
sa,sa,R,-,-,-,-,-,-,12
netešili,tešiť,V,L,e,p,c,i,-,13
veľkej,veľký,A,A,f,s,3,x,-,14
obľube,obľub,S,S,f,s,3,-,-,15
.,.,Z,-,-,-,-,-,-,16
V,v,E,u,6,-,-,-,-,1
posilňovniach,posilňovna,S,S,f,p,6,-,-,2
sa,sa,R,-,-,-,-,-,-,3
využívali,využívať,V,L,e,p,c,f,+,4
najmä,najmä,T,-,-,-,-,-,-,5
stacionárne,stacionárny,A,A,i,p,1,x,-,6
bicykle,bicykel,S,S,i,p,1,-,-,7
.,.,Z,-,-,-,-,-,-,8
Luxusnú,luxusný,A,A,f,s,4,x,-,1
kaviareň,kaviareň,S,S,f,s,4,-,-,2
osvetľovali,osvetľovať,V,L,e,p,c,i,+,3
moderné,moderný,A,A,i,p,1,x,-,4
lustre,lustra,S,S,i,p,1,-,-,5
a,a,O,-,-,-,-,-,-,6
príjemnú,príjemný,A,A,f,s,4,x,-,7
atmosféru,atmosféra,S,S,f,s,4,-,-,8
dotvárala,dotvárať,V,L,e,s,c,f,+,9
tichá,tichý,A,A,f,s,1,x,-,10
hudba,hudba,S,S,f,s,1,-,-,11
hraná,hraný,A,A,f,s,1,x,-,12
na,na,E,u,6,-,-,-,-,13
klavíri,klavír,S,S,i,s,6,-,-,14
.,.,Z,-,-,-,-,-,-,15
V,v,E,u,6,-,-,-,-,1
závere,záver,S,S,i,s,6,-,-,2
pretekov,preteky,S,S,i,p,2,-,-,3
bolo,byť,V,L,e,s,c,n,+,4
stretnutie,stretnutie,S,S,n,s,1,-,-,5
najlepších,dobrý,A,A,m,p,2,z,-,6
skokanov,skokan,S,S,m,p,2,-,-,7
.,.,Z,-,-,-,-,-,-,8
Slovenskí,slovenský,A,A,m,p,1,x,-,1
krasokorčuliari,krasokorčuliar,S,S,m,p,1,-,-,2
medaily,medaila,S,S,f,p,2,-,-,3
síce,síce,O,-,-,-,-,-,-,4
nezískali,získať,V,L,d,p,c,m,-,5
",",",",Z,-,-,-,-,-,-,6
no,no,O,-,-,-,-,-,-,7
nemožno,nemožno,D,x,-,-,-,-,-,8
hovoriť,hovoriť,V,I,e,+,-,-,-,9
ani,ani,O,-,-,-,-,-,-,10
o,o,E,u,6,-,-,-,-,11
ich,on,P,F,m,p,4,-,-,12
debakli,debaklo,S,S,m,p,6,-,-,13
.,.,Z,-,-,-,-,-,-,14
Klíma,klíma,S,S,f,s,1,-,-,1
na,na,E,u,6,-,-,-,-,2
našej,náš,P,F,f,s,6,-,-,3
Zemi,zem,S,S,f,s,3,-,-,1
sa,sa,R,-,-,-,-,-,-,2
neustále,neustále,D,x,-,-,-,-,-,3
mení,meniť,V,K,e,s,c,+,-,4
a,a,O,-,-,-,-,-,-,5
vyvíja,vyvíjať,V,K,e,s,c,+,-,6
.,.,Z,-,-,-,-,-,-,7
Na,na,E,u,4,-,-,-,-,1
klimatický,klimatický,A,A,i,s,4,x,-,2
systém,systém,S,S,i,s,4,-,-,3
vplývajú,vplývať,V,K,e,p,c,+,-,4
prírodné,prírodný,A,A,i,p,1,x,-,5
procesy,proces,S,S,i,p,1,-,-,6
a,a,O,-,-,-,-,-,-,7
rôzne,rôzny,A,A,i,p,1,x,-,8
faktory,faktor,S,S,i,p,1,-,-,9
.,.,Z,-,-,-,-,-,-,10
V,v,E,u,6,-,-,-,-,1
posledných,posledný,A,A,n,p,6,x,-,2
storočiach,storočie,S,S,n,p,6,-,-,3
sa,sa,R,-,-,-,-,-,-,4
k,k,E,u,3,-,-,-,-,5
týmto,táto,P,F,i,p,3,-,-,6
procesom,proces,S,S,i,p,3,-,-,7
pridáva,pridávať,V,K,e,s,c,+,-,8
aj,aj,T,-,-,-,-,-,-,9
samotný,samotný,A,A,m,s,1,x,-,10
človek,človek,S,S,m,s,1,-,-,11
svojou,svoj,P,F,f,s,7,-,-,12
činnosťou,činnosť,S,S,f,s,7,-,-,13
.,.,Z,-,-,-,-,-,-,14
Zvyšuje,zvyšovať,V,K,e,s,c,+,-,1
koncentráciu,koncentrácia,S,S,f,s,4,-,-,2
radiačne,radiačny,A,A,i,s,2,x,-,3
aktívnych,aktívny,A,A,i,p,2,x,-,4
plynov,plyn,S,S,i,p,2,-,-,5
atmosféry,atmosféra,S,S,f,s,2,-,-,6
",",",",Z,-,-,-,-,-,-,7
a,a,O,-,-,-,-,-,-,8
tým,to,P,F,n,s,3,-,-,9
prispieva,prispievať,V,K,e,s,c,+,-,10
k,k,E,u,3,-,-,-,-,11
zosilňovaniu,zosilňovanie,S,S,n,s,3,-,-,12
skleníkového,skleníkový,A,A,i,s,2,x,-,13
efektu,efekt,S,S,i,s,2,-,-,14
.,.,Z,-,-,-,-,-,-,15
Kroniky,kronika,S,S,f,p,1,-,-,1
obsahujú,obsahovať,V,K,e,p,c,+,-,2
záznamy,záznam,S,S,i,p,4,-,-,3
o,o,E,u,6,-,-,-,-,4
mimoriadnych,mimoriadny,A,A,i,p,6,x,-,5
javoch,jav,S,S,i,p,6,-,-,6
počasia,počasie,S,S,n,s,2,-,-,7
a,a,O,-,-,-,-,-,-,8
klímy,klíma,S,S,f,s,2,-,-,9
",",",",Z,-,-,-,-,-,-,10
o,o,E,u,6,-,-,-,-,11
stave,stav,S,S,i,s,6,-,-,12
riek,rieka,S,S,f,p,2,-,-,13
a,a,O,-,-,-,-,-,-,14
úrody,úroda,S,S,f,s,2,-,-,15
.,.,Z,-,-,-,-,-,-,16
V,v,E,u,6,-,-,-,-,1
stredoveku,stredovek,S,S,i,s,6,-,-,2
sa,sa,R,-,-,-,-,-,-,3
z,z,E,u,2,-,-,-,-,4
písomných,písomný,A,A,i,p,2,x,-,5
historických,historický,A,A,i,p,2,x,-,6
prameňov,prameň,S,S,i,p,2,-,-,7
o,o,E,u,6,-,-,-,-,8
počasí,počas,S,S,n,s,6,-,-,9
dozvieme,dozvedieť,V,K,d,p,a,+,-,10
iba,iba,T,-,-,-,-,-,-,11
málo,málo,D,x,-,-,-,-,-,12
.,.,Z,-,-,-,-,-,-,13
Ich,ich,P,U,i,s,1,-,-,1
počet,počet,S,S,i,s,1,-,-,2
vzrástol,vzrásť,V,L,d,s,c,i,+,3
až,až,T,-,-,-,-,-,-,4
v,v,E,u,6,-,-,-,-,5
16,16,0,-,-,-,-,-,-,6
.,.,Z,-,-,-,-,-,-,7
(,(,Z,-,-,-,-,-,-,8
šestnástom,šestnásty,N,A,n,s,6,-,-,9
),),Z,-,-,-,-,-,-,10
storočí,storočie,S,S,n,s,6,-,-,11
.,.,Z,-,-,-,-,-,-,12
Zásluhu,zásluh,S,S,f,s,4,-,-,1
na,na,E,u,6,-,-,-,-,2
tom,to,P,F,n,s,6,-,-,3
majú,mať,V,K,e,p,c,+,-,4
hlavne,hlavne,D,x,-,-,-,-,-,5
mnísi,mnís,S,S,m,p,1,-,-,6
",",",",Z,-,-,-,-,-,-,7
učitelia,učiteľ,S,S,m,p,1,-,-,8
a,a,O,-,-,-,-,-,-,9
mestskí,mestský,A,A,m,p,1,x,-,10
kronikári,kronikár,S,S,m,p,1,-,-,11
.,.,Z,-,-,-,-,-,-,12
Na,na,E,u,6,-,-,-,-,1
niektorých,niektorý,P,A,n,p,6,-,-,2
miestach,miesto,S,S,n,p,6,-,-,3
Sahary,sahara,S,S,f,s,2,-,-,4
sa,sa,R,-,-,-,-,-,-,5
zachovali,zachovať,V,L,d,p,c,f,+,6
jaskynné,jaskynný,A,A,f,p,1,x,-,7
maľby,maľba,S,S,f,p,1,-,-,8
",",",",Z,-,-,-,-,-,-,9
na,na,E,u,6,-,-,-,-,10
ktorých,ktorý,P,A,f,p,6,-,-,11
sú,byť,V,K,e,p,c,+,-,12
zachytené,zachytený,G,t,i,p,1,x,-,13
levy,lev,S,S,i,p,1,-,-,14
",",",",Z,-,-,-,-,-,-,15
slony,slon,S,S,i,p,1,-,-,16
",",",",Z,-,-,-,-,-,-,17
byvoly,byvola,S,S,i,p,1,-,-,18
",",",",Z,-,-,-,-,-,-,19
stromy,strom,S,S,i,p,1,-,-,20
a,a,O,-,-,-,-,-,-,21
tráva,tráva,S,S,f,s,1,-,-,22
.,.,Z,-,-,-,-,-,-,23
Od,od,E,u,2,-,-,-,-,1
17,17,0,-,-,-,-,-,-,2
.,.,Z,-,-,-,-,-,-,3
(,(,Z,-,-,-,-,-,-,4
sedemnásteho,sedemnásty,A,A,n,s,2,x,-,5
),),Z,-,-,-,-,-,-,6
storočia,storočie,S,S,n,s,2,-,-,7
sa,sa,R,-,-,-,-,-,-,8
vo,v,E,v,6,-,-,-,-,9
svete,svet,S,S,i,s,6,-,-,10
začínajú,začínať,V,K,e,p,c,+,-,11
vykonávať,vykonávať,V,I,e,+,-,-,-,12
plánovité,plánovitý,A,A,n,p,1,x,-,13
pozorovania,pozorovanie,S,S,n,p,1,-,-,14
pomocou,pomocou,E,u,2,-,-,-,-,15
prístrojov,prístroj,S,S,i,p,2,-,-,16
.,.,Z,-,-,-,-,-,-,17
Klimatológovia,klimatológ,S,S,m,p,1,-,-,1
dokážu,dokázať,V,K,d,p,c,+,-,2
v,v,E,u,6,-,-,-,-,3
súčasnosti,súčasnosť,S,S,f,s,6,-,-,4
odhadnúť,odhadnúť,V,I,d,+,-,-,-,5
možný,možný,A,A,i,s,4,x,-,6
vývoj,vývoj,S,S,i,s,4,-,-,7
podnebia,podnebie,S,S,n,s,2,-,-,8
.,.,Z,-,-,-,-,-,-,9
Používajú,používať,V,K,e,p,c,+,-,1
k,k,E,u,3,-,-,-,-,2
tomu,to,P,F,n,s,3,-,-,3
počítačové,počítačový,A,A,i,p,1,x,-,4
modely,model,S,S,i,p,1,-,-,5
klímy,klíma,S,S,f,s,2,-,-,6
.,.,Z,-,-,-,-,-,-,7
Najvýznamnejšie,významný,A,A,n,s,1,y,-,1
meteorologické,meteorologický,A,A,n,s,1,x,-,2
observatórium,observatórium,S,S,n,s,1,-,-,3
na,na,E,u,6,-,-,-,-,4
Slovensku,slovensko,S,S,n,s,6,:,r,5
je,byť,V,K,e,s,c,+,-,6
v,v,E,u,6,-,-,-,-,7
Hurbanove,hurbanov,S,S,n,s,6,:,r,8
.,.,Z,-,-,-,-,-,-,9
