Token,Lemma,Xpos1,Xpos2,Xpos3,Xpos4,Xpos5,Xpos6,Xpos7
Je,je,V,E,R,B,-,-,-
ĠuÅ¾,ġuå¾,P,A,R,T,-,-,-
Ġskoro,ġskoro,P,A,R,T,-,-,-
ĠoktÃ³ber,ġoktã³ber,N,O,U,N,-,-,-
Ġa,ġa,C,C,O,N,J,-,-
Ġv,ġv,A,D,P,-,-,-,-
ĠÅ¡kole,ġå¡kole,N,O,U,N,-,-,-
Ġopak,ġopak,V,E,R,B,-,-,-
ujeme,ujeme,V,E,R,B,-,-,-
ĠuÄįi,ġuäįi,N,O,U,N,-,-,-
vo,vo,N,O,U,N,-,-,-
Ġzo,ġzo,A,D,P,-,-,-,-
ĠvÅ¡etkÃ½ch,ġvå¡etkã½ch,D,E,T,-,-,-,-
Ġpredmetov,ġpredmetov,N,O,U,N,-,-,-
.,.,P,U,N,C,T,-,-
Ani,ani,P,A,R,T,-,-,-
Ġsme,ġsme,A,U,X,-,-,-,-
Ġsa,ġsa,P,R,O,N,-,-,-
Ġnenaz,ġnenaz,V,E,R,B,-,-,-
dali,dali,V,E,R,B,-,-,-
Ġa,ġa,C,C,O,N,J,-,-
Ġocitli,ġocitli,V,E,R,B,-,-,-
Ġsme,ġsme,A,U,X,-,-,-,-
Ġsa,ġsa,P,R,O,N,-,-,-
Ġv,ġv,A,D,P,-,-,-,-
Ġdevia,ġdevia,A,D,J,-,-,-,-
tom,tom,A,D,J,-,-,-,-
ĠroÄįnÃŃku,ġroäįnãńku,N,O,U,N,-,-,-
.,.,P,U,N,C,T,-,-
MyslÃŃme,myslãńme,V,E,R,B,-,-,-
Ġsi,ġsi,P,R,O,N,-,-,-
",",",",S,C,O,N,J,-,-
ĠÅ¾e,ġå¾e,S,C,O,N,J,-,-
Ġtento,ġtento,D,E,T,-,-,-,-
ĠposlednÃ½,ġposlednã½,A,D,J,-,-,-,-
ĠroÄįnÃŃk,ġroäįnãńk,N,O,U,N,-,-,-
Ġv,ġv,A,D,P,-,-,-,-
ĠnaÅ¡ej,ġnaå¡ej,D,E,T,-,-,-,-
ĠÅ¡kole,ġå¡kole,N,O,U,N,-,-,-
Ġbude,ġbude,A,U,X,-,-,-,-
ĠnÃ¡roÄįnÃ½,ġnã¡roäįnã½,A,D,J,-,-,-,-
Ġaj,ġaj,C,C,O,N,J,-,-
Ġpre,ġpre,A,D,P,-,-,-,-
ĠÅ¾iakov,ġå¾iakov,N,O,U,N,-,-,-
",",",",C,C,O,N,J,-,-
Ġaj,ġaj,C,C,O,N,J,-,-
Ġpre,ġpre,A,D,P,-,-,-,-
ĠuÄįiteÄ¾ov,ġuäįiteä¾ov,N,O,U,N,-,-,-
",",",",C,C,O,N,J,-,-
Ġaj,ġaj,C,C,O,N,J,-,-
Ġpre,ġpre,A,D,P,-,-,-,-
ĠrodiÄįov,ġrodiäįov,N,O,U,N,-,-,-
.,.,P,U,N,C,T,-,-
Naj,naj,A,D,J,-,-,-,-
Å¥aÅ¾,å¥aå¾,A,D,J,-,-,-,-
Å¡ie,å¡ie,A,D,J,-,-,-,-
Ġje,ġje,A,U,X,-,-,-,-
ĠzopakovaÅ¥,ġzopakovaå¥,V,E,R,B,-,-,-
Ġsi,ġsi,P,R,O,N,-,-,-
Ġpravopis,ġpravopis,N,O,U,N,-,-,-
",",",",C,C,O,N,J,-,-
ĠpretoÅ¾e,ġpretoå¾e,S,C,O,N,J,-,-
Ġsme,ġsme,A,U,X,-,-,-,-
Ġcez,ġcez,A,D,P,-,-,-,-
ĠprÃ¡zdniny,ġprã¡zdniny,N,O,U,N,-,-,-
ĠveÄ¾mi,ġveä¾mi,A,D,V,-,-,-,-
ĠnepÃŃ,ġnepãń,V,E,R,B,-,-,-
sali,sali,V,E,R,B,-,-,-
Ġdo,ġdo,A,D,P,-,-,-,-
ĠzoÅ¡i,ġzoå¡i,N,O,U,N,-,-,-
tov,tov,N,O,U,N,-,-,-
",",",",C,C,O,N,J,-,-
Ġale,ġale,C,C,O,N,J,-,-
Ġsme,ġsme,A,U,X,-,-,-,-
Ġsa,ġsa,P,R,O,N,-,-,-
Ġvozi,ġvozi,V,E,R,B,-,-,-
li,li,V,E,R,B,-,-,-
Ġna,ġna,A,D,P,-,-,-,-
Ġbicykli,ġbicykli,N,O,U,N,-,-,-
",",",",C,C,O,N,J,-,-
Ġhrali,ġhrali,V,E,R,B,-,-,-
Ġfutbal,ġfutbal,N,O,U,N,-,-,-
",",",",C,C,O,N,J,-,-
ĠpoÄįÃŃtaÄįovÃ©,ġpoäįãńtaäįovã©,A,D,J,-,-,-,-
Ġhry,ġhry,N,O,U,N,-,-,-
",",",",C,C,O,N,J,-,-
Ġpozerali,ġpozerali,V,E,R,B,-,-,-
ĠseriÃ¡ly,ġseriã¡ly,N,O,U,N,-,-,-
Ġalebo,ġalebo,C,C,O,N,J,-,-
Ġsa,ġsa,P,R,O,N,-,-,-
Ġopa,ġopa,V,E,R,B,-,-,-
Ä¾ovali,ä¾ovali,V,E,R,B,-,-,-
Ġpri,ġpri,A,D,P,-,-,-,-
ĠbazÃ©ne,ġbazã©ne,N,O,U,N,-,-,-
.,.,P,U,N,C,T,-,-
Boli,boli,V,E,R,B,-,-,-
Ġsme,ġsme,A,U,X,-,-,-,-
Ġaj,ġaj,P,A,R,T,-,-,-
Ġv,ġv,A,D,P,-,-,-,-
Ġzo,ġzo,A,D,J,-,-,-,-
ologickej,ologickej,A,D,J,-,-,-,-
ĠzÃ¡hrade,ġzã¡hrade,N,O,U,N,-,-,-
Ġv,ġv,A,D,P,-,-,-,-
ĠBratislave,ġbratislave,P,R,O,P,N,-,-
",",",",C,C,O,N,J,-,-
Ġkde,ġkde,A,D,V,-,-,-,-
Ġsme,ġsme,A,U,X,-,-,-,-
Ġvideli,ġvideli,V,E,R,B,-,-,-
Ġh,ġh,N,O,U,N,-,-,-
ady,ady,N,O,U,N,-,-,-
",",",",C,C,O,N,J,-,-
Ġle,ġle,N,O,U,N,-,-,-
op,op,N,O,U,N,-,-,-
ar,ar,N,O,U,N,-,-,-
dy,dy,N,O,U,N,-,-,-
",",",",C,C,O,N,J,-,-
Ġp,ġp,N,O,U,N,-,-,-
avi,avi,N,O,U,N,-,-,-
Ã¡ny,ã¡ny,N,O,U,N,-,-,-
",",",",C,C,O,N,J,-,-
Ġslo,ġslo,N,O,U,N,-,-,-
ny,ny,N,O,U,N,-,-,-
Ġa,ġa,C,C,O,N,J,-,-
Ġmedvede,ġmedvede,N,O,U,N,-,-,-
.,.,P,U,N,C,T,-,-
KeÄı,keäı,S,C,O,N,J,-,-
Ġposiela,ġposiela,V,E,R,B,-,-,-
me,me,V,E,R,B,-,-,-
ĠsprÃ¡vy,ġsprã¡vy,N,O,U,N,-,-,-
Ġz,ġz,A,D,P,-,-,-,-
ĠmobilnÃ½ch,ġmobilnã½ch,A,D,J,-,-,-,-
ĠtelefÃ³nov,ġtelefã³nov,N,O,U,N,-,-,-
",",",",C,C,O,N,J,-,-
Ġtakmer,ġtakmer,P,A,R,T,-,-,-
Ġnikto,ġnikto,P,R,O,N,-,-,-
ĠnepouÅ¾ÃŃva,ġnepouå¾ãńva,V,E,R,B,-,-,-
Ġinter,ġinter,A,D,J,-,-,-,-
punk,punk,A,D,J,-,-,-,-
ÄįnÃ©,äįnã©,A,D,J,-,-,-,-
Ġzna,ġzna,N,O,U,N,-,-,-
mienka,mienka,N,O,U,N,-,-,-
.,.,P,U,N,C,T,-,-
Po,po,V,E,R,B,-,-,-
za,za,V,E,R,B,-,-,-
bÃº,bãº,V,E,R,B,-,-,-
dali,dali,V,E,R,B,-,-,-
Ġsme,ġsme,A,U,X,-,-,-,-
Ġmor,ġmor,N,O,U,N,-,-,-
f,f,N,O,U,N,-,-,-
olÃ³giu,olã³giu,N,O,U,N,-,-,-
Ġaj,ġaj,C,C,O,N,J,-,-
Ġsyn,ġsyn,N,O,U,N,-,-,-
ta,ta,N,O,U,N,-,-,-
x,x,N,O,U,N,-,-,-
.,.,P,U,N,C,T,-,-
ÄĮasto,äįasto,A,D,V,-,-,-,-
krÃ¡t,krã¡t,A,D,V,-,-,-,-
Ġsi,ġsi,P,R,O,N,-,-,-
Ġnespom,ġnespom,V,E,R,B,-,-,-
enie,enie,V,E,R,B,-,-,-
me,me,V,E,R,B,-,-,-
",",",",C,C,O,N,J,-,-
Ġkde,ġkde,A,D,V,-,-,-,-
Ġsa,ġsa,P,R,O,N,-,-,-
ĠpÃŃÅ¡e,ġpãńå¡e,V,E,R,B,-,-,-
ĠÄįiar,ġäįiar,N,O,U,N,-,-,-
ka,ka,N,O,U,N,-,-,-
Ġvo,ġvo,A,D,P,-,-,-,-
Ġvete,ġvete,N,O,U,N,-,-,-
.,.,P,U,N,C,T,-,-
Takmer,takmer,P,A,R,T,-,-,-
Ġz,ġz,A,D,P,-,-,-,-
ĠkaÅ¾dÃ©ho,ġkaå¾dã©ho,D,E,T,-,-,-,-
Ġpredmetu,ġpredmetu,N,O,U,N,-,-,-
ĠnÃ¡s,ġnã¡s,P,R,O,N,-,-,-
ĠÄįakÃ¡,ġäįakã¡,V,E,R,B,-,-,-
Ġvstup,ġvstup,A,D,J,-,-,-,-
nÃ½,nã½,A,D,J,-,-,-,-
Ġtest,ġtest,N,O,U,N,-,-,-
",",",",C,C,O,N,J,-,-
Ġaby,ġaby,S,C,O,N,J,-,-
Ġsi,ġsi,P,R,O,N,-,-,-
Ġpani,ġpani,N,O,U,N,-,-,-
ĠuÄįiteÄ¾ky,ġuäįiteä¾ky,N,O,U,N,-,-,-
Ġover,ġover,V,E,R,B,-,-,-
ili,ili,V,E,R,B,-,-,-
",",",",C,C,O,N,J,-,-
ĠÄįo,ġäįo,P,R,O,N,-,-,-
ĠvÅ¡etko,ġvå¡etko,D,E,T,-,-,-,-
Ġvieme,ġvieme,V,E,R,B,-,-,-
Ġalebo,ġalebo,C,C,O,N,J,-,-
Ġnevieme,ġnevieme,V,E,R,B,-,-,-
.,.,P,U,N,C,T,-,-
O,o,A,D,P,-,-,-,-
ĠpÃ¡r,ġpã¡r,N,U,M,-,-,-,-
Ġmesiacov,ġmesiacov,N,O,U,N,-,-,-
ĠnÃ¡s,ġnã¡s,P,R,O,N,-,-,-
ĠÄįakajÃº,ġäįakajãº,V,E,R,B,-,-,-
ĠdÃ´leÅ¾itÃ©,ġdã´leå¾itã©,A,D,J,-,-,-,-
ĠprijÃŃma,ġprijãńma,A,D,J,-,-,-,-
cie,cie,A,D,J,-,-,-,-
ĠskÃºÅ¡ky,ġskãºå¡ky,N,O,U,N,-,-,-
Ġna,ġna,A,D,P,-,-,-,-
ĠstrednÃ©,ġstrednã©,A,D,J,-,-,-,-
ĠÅ¡koly,ġå¡koly,N,O,U,N,-,-,-
.,.,P,U,N,C,T,-,-
MusÃŃme,musãńme,V,E,R,B,-,-,-
Ġsa,ġsa,P,R,O,N,-,-,-
Ġdobre,ġdobre,A,D,V,-,-,-,-
ĠpripraviÅ¥,ġpripraviå¥,V,E,R,B,-,-,-
",",",",C,C,O,N,J,-,-
Ġaby,ġaby,S,C,O,N,J,-,-
Ġsme,ġsme,A,U,X,-,-,-,-
Ġsi,ġsi,P,R,O,N,-,-,-
Ġsplnili,ġsplnili,V,E,R,B,-,-,-
Ġsny,ġsny,N,O,U,N,-,-,-
Ġo,ġo,A,D,P,-,-,-,-
Ġsvojom,ġsvojom,D,E,T,-,-,-,-
ĠbudÃºcom,ġbudãºcom,A,D,J,-,-,-,-
ĠpovolanÃŃ,ġpovolanãń,N,O,U,N,-,-,-
.,.,P,U,N,C,T,-,-
V,v,A,D,J,-,-,-,-
Ã½ch,ã½ch,A,D,J,-,-,-,-
ov,ov,A,D,J,-,-,-,-
no,no,A,D,J,-,-,-,-
-,-,A,D,J,-,-,-,-
vzdelÃ¡va,vzdelã¡va,A,D,J,-,-,-,-
cÃŃ,cãń,A,D,J,-,-,-,-
Ġproces,ġproces,N,O,U,N,-,-,-
Ġv,ġv,A,D,P,-,-,-,-
ĠÅ¡kolskom,ġå¡kolskom,A,D,J,-,-,-,-
Ġroku,ġroku,N,O,U,N,-,-,-
Ġ,ġ,P,U,N,C,T,-,-
Ġ2020,ġ2020,N,U,M,-,-,-,-
/,/,P,U,N,C,T,-,-
20,20,N,U,M,-,-,-,-
21,21,N,U,M,-,-,-,-
Ġje,ġje,V,E,R,B,-,-,-
Ġv,ġv,A,D,P,-,-,-,-
Ġplnom,ġplnom,A,D,J,-,-,-,-
ĠprÃºde,ġprãºde,N,O,U,N,-,-,-
.,.,P,U,N,C,T,-,-
Na,na,A,D,P,-,-,-,-
Ġcestu,ġcestu,N,O,U,N,-,-,-
Ġza,ġza,A,D,P,-,-,-,-
Ġpoz,ġpoz,N,O,U,N,-,-,-
nanÃŃm,nanãńm,N,O,U,N,-,-,-
Ġinter,ġinter,A,D,J,-,-,-,-
punk,punk,A,D,J,-,-,-,-
ÄįnÃ½ch,äįnã½ch,A,D,J,-,-,-,-
Ġzna,ġzna,N,O,U,N,-,-,-
mienok,mienok,N,O,U,N,-,-,-
Ġsme,ġsme,A,U,X,-,-,-,-
Ġsa,ġsa,P,R,O,N,-,-,-
ĠvÅ¡ak,ġvå¡ak,P,A,R,T,-,-,-
Ġvydali,ġvydali,V,E,R,B,-,-,-
ĠuÅ¾,ġuå¾,P,A,R,T,-,-,-
Ġv,ġv,A,D,P,-,-,-,-
Ġ1,ġ1,N,U,M,-,-,-,-
.,.,N,U,M,-,-,-,-
ĠroÄįnÃŃku,ġroäįnãńku,N,O,U,N,-,-,-
.,.,P,U,N,C,T,-,-
Zoznam,zoznam,V,E,R,B,-,-,-
ovali,ovali,V,E,R,B,-,-,-
Ġsme,ġsme,A,U,X,-,-,-,-
Ġsa,ġsa,P,R,O,N,-,-,-
Ġs,ġs,A,D,P,-,-,-,-
Ġnimi,ġnimi,P,R,O,N,-,-,-
Ġvo,ġvo,A,D,P,-,-,-,-
ĠvÅ¡etkÃ½ch,ġvå¡etkã½ch,D,E,T,-,-,-,-
Ġpredme,ġpredme,N,O,U,N,-,-,-
toch,toch,N,O,U,N,-,-,-
.,.,P,U,N,C,T,-,-
Na,na,A,D,P,-,-,-,-
ĠhodinÃ¡ch,ġhodinã¡ch,N,O,U,N,-,-,-
ĠslovenÄįiny,ġslovenäįiny,N,O,U,N,-,-,-
Ġ,ġ,P,U,N,C,T,-,-
ĠnÃ¡s,ġnã¡s,P,R,O,N,-,-,-
Ġzaujali,ġzaujali,V,E,R,B,-,-,-
ĠmilÃ©,ġmilã©,A,D,J,-,-,-,-
Ġver,ġver,N,O,U,N,-,-,-
Å¡e,å¡e,N,O,U,N,-,-,-
ĠMÃ¡rie,ġmã¡rie,P,R,O,P,N,-,-
ĠR,ġr,P,R,O,P,N,-,-
Ã¡z,ã¡z,P,R,O,P,N,-,-
us,us,P,R,O,P,N,-,-
ovej,ovej,P,R,O,P,N,-,-
-,-,P,U,N,C,T,-,-
Mar,mar,P,R,O,P,N,-,-
tÃ¡,tã¡,P,R,O,P,N,-,-
kovej,kovej,P,R,O,P,N,-,-
Ġi,ġi,C,C,O,N,J,-,-
Ġpovesti,ġpovesti,N,O,U,N,-,-,-
ĠJozefa,ġjozefa,P,R,O,P,N,-,-
ĠCÃŃ,ġcãń,P,R,O,P,N,-,-
gera,gera,P,R,O,P,N,-,-
-,-,P,U,N,C,T,-,-
H,h,P,R,O,P,N,-,-
ron,ron,P,R,O,P,N,-,-
skÃ©ho,skã©ho,P,R,O,P,N,-,-
.,.,P,U,N,C,T,-,-
NeskÃ´r,neskã´r,A,D,V,-,-,-,-
Ġsme,ġsme,A,U,X,-,-,-,-
ĠspoznÃ¡,ġspoznã¡,V,E,R,B,-,-,-
vali,vali,V,E,R,B,-,-,-
ĠmÃºdrosÅ¥,ġmãºdroså¥,N,O,U,N,-,-,-
ĠnaÅ¡ich,ġnaå¡ich,D,E,T,-,-,-,-
Ġpredkov,ġpredkov,N,O,U,N,-,-,-
Ġv,ġv,A,D,P,-,-,-,-
ĠprÃŃslov,ġprãńslov,N,O,U,N,-,-,-
iach,iach,N,O,U,N,-,-,-
:,:,P,U,N,C,T,-,-
Ġmla,ġmla,N,O,U,N,-,-,-
dosÅ¥,doså¥,N,O,U,N,-,-,-
Ġ,ġ,P,U,N,C,T,-,-
âĢ,âģ,P,U,N,C,T,-,-
ĵ,ĵ,P,U,N,C,T,-,-
Ġpo,ġpo,N,O,U,N,-,-,-
cha,cha,N,O,U,N,-,-,-
bo,bo,N,O,U,N,-,-,-
sÅ¥,så¥,N,O,U,N,-,-,-
",",",",P,U,N,C,T,-,-
Ġ,ġ,P,U,N,C,T,-,-
Ċ,ċ,P,U,N,C,T,-,-
sta,sta,N,O,U,N,-,-,-
roba,roba,N,O,U,N,-,-,-
Ġ,ġ,P,U,N,C,T,-,-
âĢ,âģ,P,U,N,C,T,-,-
ĵ,ĵ,P,U,N,C,T,-,-
Ġchoroba,ġchoroba,N,O,U,N,-,-,-
",",",",C,C,O,N,J,-,-
ĠsÄ¾ub,ġsä¾ub,V,E,R,B,-,-,-
oval,oval,V,E,R,B,-,-,-
Ġhory,ġhory,N,O,U,N,-,-,-
Ġ,ġ,P,U,N,C,T,-,-
âĢ,âģ,P,U,N,C,T,-,-
ĵ,ĵ,P,U,N,C,T,-,-
Ġdo,ġdo,N,O,U,N,-,-,-
ly,ly,N,O,U,N,-,-,-
Ġa,ġa,C,C,O,N,J,-,-
Ġnepo,ġnepo,V,E,R,B,-,-,-
dÃ¡,dã¡,V,E,R,B,-,-,-
ĠpohÃ¡r,ġpohã¡r,N,O,U,N,-,-,-
Ġvody,ġvody,N,O,U,N,-,-,-
",",",",P,U,N,C,T,-,-
Ġsto,ġsto,N,U,M,-,-,-,-
ĠhlÃ¡v,ġhlã¡v,N,O,U,N,-,-,-
Ġ,ġ,P,U,N,C,T,-,-
âĢ,âģ,P,U,N,C,T,-,-
ĵ,ĵ,P,U,N,C,T,-,-
Ġsto,ġsto,N,U,M,-,-,-,-
Ġrozum,ġrozum,N,O,U,N,-,-,-
ov,ov,N,O,U,N,-,-,-
.,.,P,U,N,C,T,-,-
V,v,A,D,P,-,-,-,-
Ġdeje,ġdeje,N,O,U,N,-,-,-
pise,pise,N,O,U,N,-,-,-
Ġsme,ġsme,A,U,X,-,-,-,-
Ġsa,ġsa,P,R,O,N,-,-,-
ĠuÄįili,ġuäįili,V,E,R,B,-,-,-
Ġo,ġo,A,D,P,-,-,-,-
ĠRakÃºsko,ġrakãºsko,P,R,O,P,N,-,-
-,-,P,R,O,P,N,-,-
Uhor,uhor,P,R,O,P,N,-,-
sku,sku,P,R,O,P,N,-,-
Ġi,ġi,C,C,O,N,J,-,-
ĠrozdelenÃŃ,ġrozdelenãń,N,O,U,N,-,-,-
ĠÄĮesko,ġäįesko,P,R,O,P,N,-,-
-,-,P,U,N,C,T,-,-
Slovensk,slovensk,P,R,O,P,N,-,-
a,a,P,R,O,P,N,-,-
.,.,P,U,N,C,T,-,-
",",",",P,U,N,C,T,-,-
",",",",P,U,N,C,T,-,-
Zem,zem,N,O,U,N,-,-,-
Ġob,ġob,V,E,R,B,-,-,-
ieha,ieha,V,E,R,B,-,-,-
Ġokolo,ġokolo,A,D,P,-,-,-,-
ĠSlnka,ġslnka,P,R,O,P,N,-,-
Ġpriemer,ġpriemer,A,D,J,-,-,-,-
nou,nou,A,D,J,-,-,-,-
ĠrÃ½chlosÅ¥ou,ġrã½chloså¥ou,N,O,U,N,-,-,-
Ġ29,ġ29,N,U,M,-,-,-,-
",",",",N,U,M,-,-,-,-
8,8,N,U,M,-,-,-,-
Ġkm,ġkm,X,-,-,-,-,-,-
/,/,P,U,N,C,T,-,-
s,s,X,-,-,-,-,-,-
",",",",P,U,N,C,T,-,-
âĢ,âģ,P,U,N,C,T,-,-
ľ,ľ,P,U,N,C,T,-,-
Ġ,ġ,P,U,N,C,T,-,-
Ġodzne,ġodzne,V,E,R,B,-,-,-
lo,lo,V,E,R,B,-,-,-
Ġna,ġna,A,D,P,-,-,-,-
Ġfyzi,ġfyzi,N,O,U,N,-,-,-
ke,ke,N,O,U,N,-,-,-
.,.,P,U,N,C,T,-,-
VoÄ¾,voä¾,A,D,V,-,-,-,-
ky,ky,A,D,V,-,-,-,-
-,-,P,U,N,C,T,-,-
ne,ne,A,D,V,-,-,-,-
voÄ¾,voä¾,A,D,V,-,-,-,-
ky,ky,A,D,V,-,-,-,-
Ġsme,ġsme,A,U,X,-,-,-,-
ĠrieÅ¡ili,ġrieå¡ili,V,E,R,B,-,-,-
Ġi,ġi,C,C,O,N,J,-,-
ĠprÃŃklady,ġprãńklady,N,O,U,N,-,-,-
Ġna,ġna,A,D,P,-,-,-,-
Ġpohyb,ġpohyb,N,O,U,N,-,-,-
Ġi,ġi,C,C,O,N,J,-,-
Ġv,ġv,A,D,P,-,-,-,-
Ġmatemati,ġmatemati,N,O,U,N,-,-,-
ke,ke,N,O,U,N,-,-,-
.,.,P,U,N,C,T,-,-
NaÅ¡i,naå¡i,D,E,T,-,-,-,-
mi,mi,D,E,T,-,-,-,-
Ġver,ġver,A,D,J,-,-,-,-
nÃ½mi,nã½mi,A,D,J,-,-,-,-
Ġpomoc,ġpomoc,N,O,U,N,-,-,-
nÃŃkmi,nãńkmi,N,O,U,N,-,-,-
Ġna,ġna,A,D,P,-,-,-,-
ĠangliÄįtine,ġangliäįtine,N,O,U,N,-,-,-
ĠsÃº,ġsãº,A,U,X,-,-,-,-
Ġangli,ġangli,A,D,J,-,-,-,-
cko,cko,A,D,J,-,-,-,-
-,-,A,D,J,-,-,-,-
slovensk,slovensk,A,D,J,-,-,-,-
Ã©,ã©,A,D,J,-,-,-,-
Ġslov,ġslov,N,O,U,N,-,-,-
nÃŃky,nãńky,N,O,U,N,-,-,-
.,.,P,U,N,C,T,-,-
BlÃŃ,blãń,V,E,R,B,-,-,-
Å¾i,å¾i,V,E,R,B,-,-,-
Ġsa,ġsa,P,R,O,N,-,-,-
ĠÄįas,ġäįas,N,O,U,N,-,-,-
ĠVianoc,ġvianoc,N,O,U,N,-,-,-
.,.,P,U,N,C,T,-,-
Hu,hu,I,N,T,J,-,-,-
rÃ¡,rã¡,I,N,T,J,-,-,-
!,!,P,U,N,C,T,-,-
Budeme,budeme,A,U,X,-,-,-,-
ĠpÃŃsaÅ¥,ġpãńsaå¥,V,E,R,B,-,-,-
Ġese,ġese,N,O,U,N,-,-,-
me,me,N,O,U,N,-,-,-
sky,sky,N,O,U,N,-,-,-
Ġk,ġk,A,D,P,-,-,-,-
ĠViano,ġviano,P,R,O,P,N,-,-
ciam,ciam,P,R,O,P,N,-,-
Ġaj,ġaj,P,A,R,T,-,-,-
Ġs,ġs,A,D,P,-,-,-,-
Ġinter,ġinter,N,O,U,N,-,-,-
punk,punk,N,O,U,N,-,-,-
ciou,ciou,N,O,U,N,-,-,-
?,?,P,U,N,C,T,-,-
O,o,A,D,P,-,-,-,-
Ġpoh,ġpoh,N,O,U,N,-,-,-
Ã¡n,ã¡n,N,O,U,N,-,-,-
ke,ke,N,O,U,N,-,-,-
Ġsa,ġsa,P,R,O,N,-,-,-
Ġtra,ġtra,V,E,R,B,-,-,-
dujÃº,dujãº,V,E,R,B,-,-,-
Ġtri,ġtri,N,U,M,-,-,-,-
Ġch,ġch,N,O,U,N,-,-,-
Ã½,ã½,N,O,U,N,-,-,-
ry,ry,N,O,U,N,-,-,-
",",",",C,C,O,N,J,-,-
Ġz,ġz,A,D,P,-,-,-,-
ĠktorÃ½ch,ġktorã½ch,D,E,T,-,-,-,-
Ġdva,ġdva,N,U,M,-,-,-,-
ĠsÃº,ġsãº,A,U,X,-,-,-,-
ĠzaruÄįene,ġzaruäįene,A,D,V,-,-,-,-
ĠnepravdivÃ©,ġnepravdivã©,A,D,J,-,-,-,-
.,.,P,U,N,C,T,-,-
HovorÃŃ,hovorãń,V,E,R,B,-,-,-
Ġsa,ġsa,P,R,O,N,-,-,-
",",",",S,C,O,N,J,-,-
ĠÅ¾e,ġå¾e,S,C,O,N,J,-,-
Ġje,ġje,A,U,X,-,-,-,-
Ġto,ġto,D,E,T,-,-,-,-
Ġjedlo,ġjedlo,N,O,U,N,-,-,-
ĠchudobnÃ½ch,ġchudobnã½ch,A,D,J,-,-,-,-
.,.,P,U,N,C,T,-,-
NaÅ¡i,naå¡i,D,E,T,-,-,-,-
Ġpredkovia,ġpredkovia,N,O,U,N,-,-,-
Ġmali,ġmali,V,E,R,B,-,-,-
Ġpoh,ġpoh,A,D,J,-,-,-,-
Ã¡n,ã¡n,A,D,J,-,-,-,-
kovÃº,kovãº,A,D,J,-,-,-,-
Ġka,ġka,N,O,U,N,-,-,-
Å¡u,å¡u,N,O,U,N,-,-,-
Ġna,ġna,A,D,P,-,-,-,-
Ġstole,ġstole,N,O,U,N,-,-,-
ĠÄįastejÅ¡ie,ġäįastejå¡ie,A,D,V,-,-,-,-
Ġako,ġako,S,C,O,N,J,-,-
Ġzemiaky,ġzemiaky,N,O,U,N,-,-,-
.,.,P,U,N,C,T,-,-
Dnes,dnes,A,D,V,-,-,-,-
Ġto,ġto,D,E,T,-,-,-,-
ĠvÅ¡ak,ġvå¡ak,P,A,R,T,-,-,-
ĠneplatÃŃ,ġneplatãń,V,E,R,B,-,-,-
",",",",C,C,O,N,J,-,-
Ġlebo,ġlebo,C,C,O,N,J,-,-
Ġ,ġ,P,U,N,C,T,-,-
ĠzaÅ¾ÃŃva,ġzaå¾ãńva,V,E,R,B,-,-,-
Ġrenesan,ġrenesan,N,O,U,N,-,-,-
ciu,ciu,N,O,U,N,-,-,-
ĠnajmÃ¤,ġnajmã¤,P,A,R,T,-,-,-
Ġv,ġv,A,D,P,-,-,-,-
Ġobchodoch,ġobchodoch,N,O,U,N,-,-,-
Ġso,ġso,A,D,P,-,-,-,-
Ġzdra,ġzdra,A,D,J,-,-,-,-
vou,vou,A,D,J,-,-,-,-
ĠvÃ½Å¾i,ġvã½å¾i,N,O,U,N,-,-,-
vou,vou,N,O,U,N,-,-,-
.,.,P,U,N,C,T,-,-
Ne,ne,V,E,R,B,-,-,-
platÃŃ,platãń,V,E,R,B,-,-,-
Ġani,ġani,P,A,R,T,-,-,-
ĠdruhÃ½,ġdruhã½,A,D,J,-,-,-,-
ĠmÃ½tus,ġmã½tus,N,O,U,N,-,-,-
",",",",C,C,O,N,J,-,-
ĠktorÃ½,ġktorã½,D,E,T,-,-,-,-
Ġzara,ġzara,V,E,R,B,-,-,-
Äıuje,äıuje,V,E,R,B,-,-,-
Ġpoh,ġpoh,N,O,U,N,-,-,-
Ã¡nku,ã¡nku,N,O,U,N,-,-,-
Ġmedzi,ġmedzi,A,D,P,-,-,-,-
Ġobil,ġobil,N,O,U,N,-,-,-
niny,niny,N,O,U,N,-,-,-
.,.,P,U,N,C,T,-,-
Aj,aj,C,C,O,N,J,-,-
ĠkeÄı,ġkeäı,S,C,O,N,J,-,-
Ġnejde,ġnejde,V,E,R,B,-,-,-
Ġo,ġo,A,D,P,-,-,-,-
Ġobil,ġobil,N,O,U,N,-,-,-
ninu,ninu,N,O,U,N,-,-,-
",",",",C,C,O,N,J,-,-
ĠveÄ¾mi,ġveä¾mi,A,D,V,-,-,-,-
Ġsa,ġsa,P,R,O,N,-,-,-
Ġna,ġna,A,D,P,-,-,-,-
ĠÅĪu,ġåīu,P,R,O,N,-,-,-
Ġpo,ġpo,V,E,R,B,-,-,-
nÃ¡Å¡a,nã¡å¡a,V,E,R,B,-,-,-
.,.,P,U,N,C,T,-,-
PrÃŃ,prãń,A,D,J,-,-,-,-
bu,bu,A,D,J,-,-,-,-
znÃ¡,znã¡,A,D,J,-,-,-,-
Ġje,ġje,A,U,X,-,-,-,-
ĠnaprÃŃklad,ġnaprãńklad,P,A,R,T,-,-,-
Ġs,ġs,A,D,P,-,-,-,-
Ġreb,ġreb,N,O,U,N,-,-,-
ar,ar,N,O,U,N,-,-,-
bor,bor,N,O,U,N,-,-,-
ou,ou,N,O,U,N,-,-,-
ĠÄįi,ġäįi,C,C,O,N,J,-,-
ĠÅ¡Å¥av,ġå¡å¥av,N,O,U,N,-,-,-
eÄ¾,eä¾,N,O,U,N,-,-,-
om,om,N,O,U,N,-,-,-
.,.,P,U,N,C,T,-,-
StÃ¡va,stã¡va,V,E,R,B,-,-,-
Ġsa,ġsa,P,R,O,N,-,-,-
Ġneo,ġneo,A,D,J,-,-,-,-
ceni,ceni,A,D,J,-,-,-,-
teÄ¾nou,teä¾nou,A,D,J,-,-,-,-
ĠnÃ¡hrad,ġnã¡hrad,N,O,U,N,-,-,-
ou,ou,N,O,U,N,-,-,-
Ġpre,ġpre,A,D,P,-,-,-,-
Ġcel,ġcel,N,O,U,N,-,-,-
ia,ia,N,O,U,N,-,-,-
tikov,tikov,N,O,U,N,-,-,-
Ġa,ġa,C,C,O,N,J,-,-
Ġje,ġje,A,U,X,-,-,-,-
ĠvhodnÃ¡,ġvhodnã¡,A,D,J,-,-,-,-
Ġaj,ġaj,P,A,R,T,-,-,-
Ġpre,ġpre,A,D,P,-,-,-,-
ĠÃºplne,ġãºplne,A,D,V,-,-,-,-
ĠmalÃ©,ġmalã©,A,D,J,-,-,-,-
Ġdeti,ġdeti,N,O,U,N,-,-,-
.,.,P,U,N,C,T,-,-
ZvyÅ¡,zvyå¡,V,E,R,B,-,-,-
uje,uje,V,E,R,B,-,-,-
ĠpruÅ¾nosÅ¥,ġpruå¾noså¥,N,O,U,N,-,-,-
Ġkrv,ġkrv,A,D,J,-,-,-,-
nÃ½ch,nã½ch,A,D,J,-,-,-,-
Ġciev,ġciev,N,O,U,N,-,-,-
Ġa,ġa,C,C,O,N,J,-,-
ĠpomÃ¡ha,ġpomã¡ha,V,E,R,B,-,-,-
ĠregulovaÅ¥,ġregulovaå¥,V,E,R,B,-,-,-
Ġz,ġz,N,O,U,N,-,-,-
rÃ¡Å¾a,rã¡å¾a,N,O,U,N,-,-,-
vosÅ¥,voså¥,N,O,U,N,-,-,-
Ġ,ġ,P,U,N,C,T,-,-
Ġkrvi,ġkrvi,N,O,U,N,-,-,-
.,.,P,U,N,C,T,-,-
Je,je,A,U,X,-,-,-,-
ĠÄ¾ahko,ġä¾ahko,A,D,V,-,-,-,-
ĠstrÃ¡vi,ġstrã¡vi,A,D,J,-,-,-,-
teÄ¾nÃ¡,teä¾nã¡,A,D,J,-,-,-,-
Ġa,ġa,C,C,O,N,J,-,-
Ġobsahuje,ġobsahuje,V,E,R,B,-,-,-
ĠveÄ¾a,ġveä¾a,N,U,M,-,-,-,-
ĠvlÃ¡kniny,ġvlã¡kniny,N,O,U,N,-,-,-
.,.,P,U,N,C,T,-,-
Po,po,A,D,J,-,-,-,-
h,h,A,D,J,-,-,-,-
Ã¡n,ã¡n,A,D,J,-,-,-,-
kovÃ©,kovã©,A,D,J,-,-,-,-
Ġzr,ġzr,N,O,U,N,-,-,-
no,no,N,O,U,N,-,-,-
Ġsa,ġsa,P,R,O,N,-,-,-
ĠpodÃ¡va,ġpodã¡va,V,E,R,B,-,-,-
Ġako,ġako,S,C,O,N,J,-,-
ĠprÃŃloha,ġprãńloha,N,O,U,N,-,-,-
Ġnamiesto,ġnamiesto,A,D,P,-,-,-,-
ĠryÅ¾e,ġryå¾e,N,O,U,N,-,-,-
Ġalebo,ġalebo,C,C,O,N,J,-,-
Ġako,ġako,S,C,O,N,J,-,-
ĠzÃ¡klad,ġzã¡klad,N,O,U,N,-,-,-
Ġdo,ġdo,A,D,P,-,-,-,-
ĠÅ¡al,ġå¡al,N,O,U,N,-,-,-
Ã¡tov,ã¡tov,N,O,U,N,-,-,-
ĠÄįi,ġäįi,C,C,O,N,J,-,-
ĠnÃ¡,ġnã¡,N,O,U,N,-,-,-
ky,ky,N,O,U,N,-,-,-
pov,pov,N,O,U,N,-,-,-
.,.,P,U,N,C,T,-,-
Prav,prav,A,D,J,-,-,-,-
di,di,A,D,J,-,-,-,-
vÃ½,vã½,A,D,J,-,-,-,-
Ġje,ġje,A,U,X,-,-,-,-
Ġiba,ġiba,P,A,R,T,-,-,-
ĠpÃ´vod,ġpã´vod,N,O,U,N,-,-,-
Ġjej,ġjej,D,E,T,-,-,-,-
ĠnÃ¡zvu,ġnã¡zvu,N,O,U,N,-,-,-
.,.,P,U,N,C,T,-,-
Ten,ten,D,E,T,-,-,-,-
Ġjej,ġjej,P,R,O,N,-,-,-
Ġpri,ġpri,V,E,R,B,-,-,-
sch,sch,V,E,R,B,-,-,-
ol,ol,V,E,R,B,-,-,-
ĠprÃ¡ve,ġprã¡ve,P,A,R,T,-,-,-
Ġpreto,ġpreto,A,D,V,-,-,-,-
",",",",S,C,O,N,J,-,-
ĠÅ¾e,ġå¾e,S,C,O,N,J,-,-
Ġju,ġju,P,R,O,N,-,-,-
Ġsem,ġsem,A,D,V,-,-,-,-
Ġpriniesli,ġpriniesli,V,E,R,B,-,-,-
Ġpoh,ġpoh,N,O,U,N,-,-,-
ania,ania,N,O,U,N,-,-,-
.,.,P,U,N,C,T,-,-
KonkrÃ©tne,konkrã©tne,P,A,R,T,-,-,-
ĠTat,ġtat,P,R,O,P,N,-,-
Ã¡ri,ã¡ri,P,R,O,P,N,-,-
ĠpoÄįas,ġpoäįas,A,D,P,-,-,-,-
Ġsvojich,ġsvojich,D,E,T,-,-,-,-
ĠinvÃ¡,ġinvã¡,A,D,J,-,-,-,-
znych,znych,A,D,J,-,-,-,-
ĠnÃ¡jazd,ġnã¡jazd,N,O,U,N,-,-,-
ov,ov,N,O,U,N,-,-,-
Ġv,ġv,A,D,P,-,-,-,-
Ġ13,ġ13,N,U,M,-,-,-,-
.,.,N,U,M,-,-,-,-
ĠstoroÄįÃŃ,ġstoroäįãń,N,O,U,N,-,-,-
.,.,P,U,N,C,T,-,-
Mil,mil,A,D,J,-,-,-,-
ÃŃ,ãń,A,D,J,-,-,-,-
Ġdevia,ġdevia,N,O,U,N,-,-,-
taci,taci,N,O,U,N,-,-,-
",",",",P,U,N,C,T,-,-
ĠspomÃŃna,ġspomãńna,V,E,R,B,-,-,-
te,te,V,E,R,B,-,-,-
Ġsi,ġsi,P,R,O,N,-,-,-
ĠeÅ¡te,ġeå¡te,P,A,R,T,-,-,-
Ġna,ġna,A,D,P,-,-,-,-
Ġsvoj,ġsvoj,D,E,T,-,-,-,-
ĠprvÃ½,ġprvã½,A,D,J,-,-,-,-
ĠÅ¡kolskÃ½,ġå¡kolskã½,A,D,J,-,-,-,-
ĠdeÅĪ,ġdeåī,N,O,U,N,-,-,-
?,?,P,U,N,C,T,-,-
Bolo,bolo,V,E,R,B,-,-,-
Ġto,ġto,D,E,T,-,-,-,-
Ġpred,ġpred,A,D,P,-,-,-,-
Ġdevia,ġdevia,N,U,M,-,-,-,-
timi,timi,N,U,M,-,-,-,-
Ġrokmi,ġrokmi,N,O,U,N,-,-,-
",",",",C,C,O,N,J,-,-
ĠkeÄı,ġkeäı,S,C,O,N,J,-,-
Ġste,ġste,A,U,X,-,-,-,-
Ġs,ġs,A,D,P,-,-,-,-
Ġrukou,ġrukou,N,O,U,N,-,-,-
Ġv,ġv,A,D,P,-,-,-,-
Ġmami,ġmami,A,D,J,-,-,-,-
nej,nej,A,D,J,-,-,-,-
Ġdla,ġdla,N,O,U,N,-,-,-
ni,ni,N,O,U,N,-,-,-
ĠvstÃºpili,ġvstãºpili,V,E,R,B,-,-,-
Ġdo,ġdo,A,D,P,-,-,-,-
ĠprvÃ¡,ġprvã¡,A,D,J,-,-,-,-
ckej,ckej,A,D,J,-,-,-,-
Ġtriedy,ġtriedy,N,O,U,N,-,-,-
.,.,P,U,N,C,T,-,-
So,so,A,D,P,-,-,-,-
Ġzataj,ġzataj,A,D,J,-,-,-,-
enÃ½m,enã½m,A,D,J,-,-,-,-
Ġdychom,ġdychom,N,O,U,N,-,-,-
Ġste,ġste,A,U,X,-,-,-,-
ĠpoÄįÃºvali,ġpoäįãºvali,V,E,R,B,-,-,-
ĠmilÃ©,ġmilã©,A,D,J,-,-,-,-
ĠslovÃ¡,ġslovã¡,N,O,U,N,-,-,-
Ġpani,ġpani,N,O,U,N,-,-,-
ĠuÄįiteÄ¾ky,ġuäįiteä¾ky,N,O,U,N,-,-,-
.,.,P,U,N,C,T,-,-
Postupne,postupne,A,D,V,-,-,-,-
Ġste,ġste,A,U,X,-,-,-,-
Ġsa,ġsa,P,R,O,N,-,-,-
ĠnauÄįili,ġnauäįili,V,E,R,B,-,-,-
ĠprvÃ©,ġprvã©,A,D,J,-,-,-,-
ĠpÃŃsmenÃ¡,ġpãńsmenã¡,N,O,U,N,-,-,-
",",",",C,C,O,N,J,-,-
ĠzvlÃ¡dli,ġzvlã¡dli,V,E,R,B,-,-,-
Ġste,ġste,A,U,X,-,-,-,-
ĠpreÄįÃŃtaÅ¥,ġpreäįãńtaå¥,V,E,R,B,-,-,-
Ġaj,ġaj,P,A,R,T,-,-,-
ĠprvÃ©,ġprvã©,A,D,J,-,-,-,-
Ġsla,ġsla,N,O,U,N,-,-,-
bi,bi,N,O,U,N,-,-,-
ky,ky,N,O,U,N,-,-,-
Ġa,ġa,C,C,O,N,J,-,-
ĠslovÃ¡,ġslovã¡,N,O,U,N,-,-,-
.,.,P,U,N,C,T,-,-
DetskÃ©,detskã©,A,D,J,-,-,-,-
Ġroky,ġroky,N,O,U,N,-,-,-
Ġv,ġv,A,D,P,-,-,-,-
ĠÅ¡kole,ġå¡kole,N,O,U,N,-,-,-
Ġu,ġu,V,E,R,B,-,-,-
be,be,V,E,R,B,-,-,-
hli,hli,V,E,R,B,-,-,-
Ġako,ġako,S,C,O,N,J,-,-
Ġvoda,ġvoda,N,O,U,N,-,-,-
Ġa,ġa,C,C,O,N,J,-,-
Ġzrazu,ġzrazu,A,D,V,-,-,-,-
Ġste,ġste,A,U,X,-,-,-,-
ĠstÃ¡li,ġstã¡li,V,E,R,B,-,-,-
Ġpred,ġpred,A,D,P,-,-,-,-
ĠÅ¥aÅ¾kÃ½m,ġå¥aå¾kã½m,A,D,J,-,-,-,-
ĠrozhodnutÃŃm,ġrozhodnutãńm,N,O,U,N,-,-,-
.,.,P,U,N,C,T,-,-
NiektorÃŃ,niektorãń,D,E,T,-,-,-,-
ĠrieÅ¡ili,ġrieå¡ili,V,E,R,B,-,-,-
Ġdile,ġdile,N,O,U,N,-,-,-
mu,mu,N,O,U,N,-,-,-
",",",",C,C,O,N,J,-,-
ĠktorÃº,ġktorãº,D,E,T,-,-,-,-
ĠstrednÃº,ġstrednãº,A,D,J,-,-,-,-
ĠÅ¡kolu,ġå¡kolu,N,O,U,N,-,-,-
Ġsi,ġsi,P,R,O,N,-,-,-
ĠvybraÅ¥,ġvybraå¥,V,E,R,B,-,-,-
.,.,P,U,N,C,T,-,-
Napokon,napokon,A,D,V,-,-,-,-
Ġste,ġste,A,U,X,-,-,-,-
Ġsa,ġsa,P,R,O,N,-,-,-
ĠprihlÃ¡sili,ġprihlã¡sili,V,E,R,B,-,-,-
Ġtam,ġtam,A,D,V,-,-,-,-
",",",",C,C,O,N,J,-,-
Ġkde,ġkde,A,D,V,-,-,-,-
ĠvidÃŃte,ġvidãńte,V,E,R,B,-,-,-
Ġsvoje,ġsvoje,D,E,T,-,-,-,-
Ġuplatnenie,ġuplatnenie,N,O,U,N,-,-,-
Ġv,ġv,A,D,P,-,-,-,-
ĠÄıalÅ¡om,ġäıalå¡om,A,D,J,-,-,-,-
ĠÅ¾ivote,ġå¾ivote,N,O,U,N,-,-,-
.,.,P,U,N,C,T,-,-
Teraz,teraz,A,D,V,-,-,-,-
Ġsi,ġsi,P,R,O,N,-,-,-
ĠurÄįite,ġuräįite,P,A,R,T,-,-,-
ĠuÅ¾i,ġuå¾i,V,E,R,B,-,-,-
jete,jete,V,E,R,B,-,-,-
ĠletnÃ©,ġletnã©,A,D,J,-,-,-,-
ĠprÃ¡zdniny,ġprã¡zdniny,N,O,U,N,-,-,-
",",",",C,C,O,N,J,-,-
ĠmnohÃŃ,ġmnohãń,D,E,T,-,-,-,-
Ġv,ġv,A,D,P,-,-,-,-
Ġdovolen,ġdovolen,A,D,J,-,-,-,-
kovÃ½ch,kovã½ch,A,D,J,-,-,-,-
ĠdestinÃ¡,ġdestinã¡,N,O,U,N,-,-,-
ciÃ¡ch,ciã¡ch,N,O,U,N,-,-,-
Ġnielen,ġnielen,C,C,O,N,J,-,-
Ġna,ġna,A,D,P,-,-,-,-
ĠSlovensku,ġslovensku,P,R,O,P,N,-,-
",",",",C,C,O,N,J,-,-
Ġale,ġale,C,C,O,N,J,-,-
Ġaj,ġaj,C,C,O,N,J,-,-
Ġv,ġv,A,D,P,-,-,-,-
ĠinÃ½ch,ġinã½ch,D,E,T,-,-,-,-
ĠeurÃ³pskych,ġeurã³pskych,A,D,J,-,-,-,-
ĠkrajinÃ¡ch,ġkrajinã¡ch,N,O,U,N,-,-,-
.,.,P,U,N,C,T,-,-
V,v,A,D,P,-,-,-,-
Ġseptembri,ġseptembri,N,O,U,N,-,-,-
ĠvÃ¡s,ġvã¡s,P,R,O,N,-,-,-
ĠprivÃŃta,ġprivãńta,V,E,R,B,-,-,-
ĠstrednÃ¡,ġstrednã¡,A,D,J,-,-,-,-
ĠÅ¡kola,ġå¡kola,N,O,U,N,-,-,-
Ġs,ġs,A,D,P,-,-,-,-
ĠnovÃ½mi,ġnovã½mi,A,D,J,-,-,-,-
ĠpriateÄ¾mi,ġpriateä¾mi,N,O,U,N,-,-,-
Ġi,ġi,C,C,O,N,J,-,-
ĠuÄįiteÄ¾,ġuäįiteä¾,N,O,U,N,-,-,-
mi,mi,N,O,U,N,-,-,-
.,.,P,U,N,C,T,-,-
MnohÃŃ,mnohãń,A,D,J,-,-,-,-
ĠmÃ¡te,ġmã¡te,V,E,R,B,-,-,-
ĠambÃŃcie,ġambãńcie,N,O,U,N,-,-,-
ĠÃºspeÅ¡ne,ġãºspeå¡ne,A,D,V,-,-,-,-
Ġzmat,ġzmat,V,E,R,B,-,-,-
ur,ur,V,E,R,B,-,-,-
ovaÅ¥,ovaå¥,V,E,R,B,-,-,-
Ġa,ġa,C,C,O,N,J,-,-
Ġpotom,ġpotom,A,D,V,-,-,-,-
Ġsa,ġsa,P,R,O,N,-,-,-
ĠprihlÃ¡siÅ¥,ġprihlã¡siå¥,V,E,R,B,-,-,-
Ġna,ġna,A,D,P,-,-,-,-
ĠvysokoÅ¡kolskÃ©,ġvysokoå¡kolskã©,A,D,J,-,-,-,-
ĠÅ¡tÃºdium,ġå¡tãºdium,N,O,U,N,-,-,-
.,.,P,U,N,C,T,-,-
Tak,tak,P,A,R,T,-,-,-
ĠveÄ¾a,ġveä¾a,N,U,M,-,-,-,-
Ġzd,ġzd,N,O,U,N,-,-,-
aru,aru,N,O,U,N,-,-,-
Ġa,ġa,C,C,O,N,J,-,-
ĠÅ¾ivotnÃ½ch,ġå¾ivotnã½ch,A,D,J,-,-,-,-
ĠÃºspechov,ġãºspechov,N,O,U,N,-,-,-
",",",",P,U,N,C,T,-,-
ĠmilÃŃ,ġmilãń,A,D,J,-,-,-,-
Ġdevia,ġdevia,N,O,U,N,-,-,-
taci,taci,N,O,U,N,-,-,-
!,!,P,U,N,C,T,-,-
Na,na,A,D,P,-,-,-,-
ĠÅ¡kolskÃ½ch,ġå¡kolskã½ch,A,D,J,-,-,-,-
ĠvÃ½le,ġvã½le,N,O,U,N,-,-,-
toch,toch,N,O,U,N,-,-,-
ĠspoznÃ¡,ġspoznã¡,V,E,R,B,-,-,-
vame,vame,V,E,R,B,-,-,-
ĠkrÃ¡sy,ġkrã¡sy,N,O,U,N,-,-,-
ĠSlovenska,ġslovenska,P,R,O,P,N,-,-
",",",",C,C,O,N,J,-,-
ĠkultÃºrne,ġkultãºrne,A,D,J,-,-,-,-
Ġa,ġa,C,C,O,N,J,-,-
ĠhistorickÃ©,ġhistorickã©,A,D,J,-,-,-,-
Ġpamiatky,ġpamiatky,N,O,U,N,-,-,-
.,.,P,U,N,C,T,-,-
Sie,sie,A,D,J,-,-,-,-
d,d,A,D,J,-,-,-,-
my,my,A,D,J,-,-,-,-
ĠjÃºn,ġjãºn,N,O,U,N,-,-,-
Ġbol,ġbol,A,U,X,-,-,-,-
ĠnaÅ¡ÃŃm,ġnaå¡ãńm,D,E,T,-,-,-,-
ĠvÃ½let,ġvã½let,A,D,J,-,-,-,-
nÃ½m,nã½m,A,D,J,-,-,-,-
ĠdÅĪom,ġdåīom,N,O,U,N,-,-,-
.,.,P,U,N,C,T,-,-
T,t,A,D,J,-,-,-,-
ried,ried,A,D,J,-,-,-,-
ni,ni,A,D,J,-,-,-,-
ĠuÄįitelia,ġuäįitelia,N,O,U,N,-,-,-
Ġodcest,ġodcest,V,E,R,B,-,-,-
ovali,ovali,V,E,R,B,-,-,-
Ġs,ġs,A,D,P,-,-,-,-
Ġdvadsia,ġdvadsia,N,U,M,-,-,-,-
timi,timi,N,U,M,-,-,-,-
ĠÅ¡tyrmi,ġå¡tyrmi,N,U,M,-,-,-,-
Ġsied,ġsied,N,O,U,N,-,-,-
mak,mak,N,O,U,N,-,-,-
mi,mi,N,O,U,N,-,-,-
Ġna,ġna,A,D,P,-,-,-,-
Ġsever,ġsever,N,O,U,N,-,-,-
ĠSlovenska,ġslovenska,P,R,O,P,N,-,-
.,.,P,U,N,C,T,-,-
Dom,dom,N,O,U,N,-,-,-
inan,inan,N,O,U,N,-,-,-
tou,tou,N,O,U,N,-,-,-
ĠOra,ġora,P,R,O,P,N,-,-
vy,vy,P,R,O,P,N,-,-
Ġje,ġje,A,U,X,-,-,-,-
ĠOrav,ġorav,A,D,J,-,-,-,-
skÃ½,skã½,A,D,J,-,-,-,-
Ġhrad,ġhrad,N,O,U,N,-,-,-
Ġa,ġa,C,C,O,N,J,-,-
ĠOrav,ġorav,A,D,J,-,-,-,-
skÃ¡,skã¡,A,D,J,-,-,-,-
Ġprie,ġprie,N,O,U,N,-,-,-
hrada,hrada,N,O,U,N,-,-,-
.,.,P,U,N,C,T,-,-
NiektorÃŃ,niektorãń,D,E,T,-,-,-,-
ĠÅ¾iaci,ġå¾iaci,N,O,U,N,-,-,-
ĠnavÅ¡tÃŃvili,ġnavå¡tãńvili,V,E,R,B,-,-,-
ĠtÃºto,ġtãºto,D,E,T,-,-,-,-
Ġlokalitu,ġlokalitu,N,O,U,N,-,-,-
ĠdruhÃ½krÃ¡t,ġdruhã½krã¡t,A,D,V,-,-,-,-
.,.,P,U,N,C,T,-,-
Doz,doz,V,E,R,B,-,-,-
vedeli,vedeli,V,E,R,B,-,-,-
Ġsme,ġsme,A,U,X,-,-,-,-
Ġsa,ġsa,P,R,O,N,-,-,-
Ġo,ġo,A,D,P,-,-,-,-
Ġpiatich,ġpiatich,N,U,M,-,-,-,-
Ġza,ġza,A,D,J,-,-,-,-
top,top,A,D,J,-,-,-,-
enÃ½ch,enã½ch,A,D,J,-,-,-,-
ĠdedinÃ¡ch,ġdedinã¡ch,N,O,U,N,-,-,-
",",",",C,C,O,N,J,-,-
ĠktorÃ©,ġktorã©,D,E,T,-,-,-,-
Ġzmizli,ġzmizli,V,E,R,B,-,-,-
Ġpod,ġpod,A,D,P,-,-,-,-
Ġvodou,ġvodou,N,O,U,N,-,-,-
Ġv,ġv,A,D,P,-,-,-,-
ĠpÃ¤Å¥,ġpã¤å¥,A,D,J,-,-,-,-
desiatych,desiatych,A,D,J,-,-,-,-
Ġrokoch,ġrokoch,N,O,U,N,-,-,-
ĠminulÃ©ho,ġminulã©ho,A,D,J,-,-,-,-
ĠstoroÄįia,ġstoroäįia,N,O,U,N,-,-,-
.,.,P,U,N,C,T,-,-
Prie,prie,N,O,U,N,-,-,-
hrada,hrada,N,O,U,N,-,-,-
ĠnÃ¡s,ġnã¡s,P,R,O,N,-,-,-
Ġfascin,ġfascin,V,E,R,B,-,-,-
ovala,ovala,V,E,R,B,-,-,-
Ġtridsia,ġtridsia,N,U,M,-,-,-,-
timi,timi,N,U,M,-,-,-,-
ĠÃ´smimi,ġã´smimi,N,U,M,-,-,-,-
Ġmet,ġmet,N,O,U,N,-,-,-
rami,rami,N,O,U,N,-,-,-
ĠhÄºbky,ġhäºbky,N,O,U,N,-,-,-
Ġpri,ġpri,A,D,P,-,-,-,-
Ġpriehrad,ġpriehrad,A,D,J,-,-,-,-
nom,nom,A,D,J,-,-,-,-
ĠmÃº,ġmãº,N,O,U,N,-,-,-
re,re,N,O,U,N,-,-,-
.,.,P,U,N,C,T,-,-
O,o,A,D,J,-,-,-,-
rav,rav,A,D,J,-,-,-,-
skÃ½m,skã½m,A,D,J,-,-,-,-
Ġhradom,ġhradom,N,O,U,N,-,-,-
ĠnÃ¡s,ġnã¡s,P,R,O,N,-,-,-
Ġpre,ġpre,V,E,R,B,-,-,-
viedla,viedla,V,E,R,B,-,-,-
Ġsympa,ġsympa,A,D,J,-,-,-,-
tickÃ¡,tickã¡,A,D,J,-,-,-,-
Ġsprievod,ġsprievod,N,O,U,N,-,-,-
kyÅĪa,kyåīa,N,O,U,N,-,-,-
.,.,P,U,N,C,T,-,-
Svoj,svoj,D,E,T,-,-,-,-
ĠvÃ½klad,ġvã½klad,N,O,U,N,-,-,-
Ġo,ġo,A,D,P,-,-,-,-
ĠdÃ¡v,ġdã¡v,A,D,J,-,-,-,-
nej,nej,A,D,J,-,-,-,-
Ġminulosti,ġminulosti,N,O,U,N,-,-,-
Ġdoplnila,ġdoplnila,V,E,R,B,-,-,-
Ġaj,ġaj,P,A,R,T,-,-,-
Ġfik,ġfik,A,D,J,-,-,-,-
tÃŃvnymi,tãńvnymi,A,D,J,-,-,-,-
ĠprÃŃbeh,ġprãńbeh,N,O,U,N,-,-,-
mi,mi,N,O,U,N,-,-,-
.,.,P,U,N,C,T,-,-
Na,na,A,D,P,-,-,-,-
Ġhrade,ġhrade,N,O,U,N,-,-,-
Ġsa,ġsa,P,R,O,N,-,-,-
ĠniekoÄ¾kokrÃ¡t,ġniekoä¾kokrã¡t,A,D,V,-,-,-,-
Ġusad,ġusad,V,E,R,B,-,-,-
ili,ili,V,E,R,B,-,-,-
Ġfil,ġfil,N,O,U,N,-,-,-
mÃ¡ri,mã¡ri,N,O,U,N,-,-,-
.,.,P,U,N,C,T,-,-
PoÄįas,poäįas,A,D,P,-,-,-,-
Ġprehliadky,ġprehliadky,N,O,U,N,-,-,-
Ġsme,ġsme,A,U,X,-,-,-,-
Ġzdolali,ġzdolali,V,E,R,B,-,-,-
ĠÅ¡esÅ¥,ġå¡eså¥,N,U,M,-,-,-,-
sto,sto,N,U,M,-,-,-,-
Å¡esÅ¥,å¡eså¥,N,U,M,-,-,-,-
desiat,desiat,N,U,M,-,-,-,-
tri,tri,N,U,M,-,-,-,-
Ġschodov,ġschodov,N,O,U,N,-,-,-
.,.,P,U,N,C,T,-,-
Po,po,A,D,P,-,-,-,-
Ġtakomto,ġtakomto,D,E,T,-,-,-,-
ĠtrÃ©ningu,ġtrã©ningu,N,O,U,N,-,-,-
Ġby,ġby,A,U,X,-,-,-,-
Ġsme,ġsme,A,U,X,-,-,-,-
Ġmohli,ġmohli,V,E,R,B,-,-,-
ĠÃŃsÅ¥,ġãńså¥,V,E,R,B,-,-,-
Ġaj,ġaj,P,A,R,T,-,-,-
Ġna,ġna,A,D,P,-,-,-,-
ĠolympiÃ¡du,ġolympiã¡du,N,O,U,N,-,-,-
.,.,P,U,N,C,T,-,-
ZÃ¡,zã¡,N,O,U,N,-,-,-
Å¾i,å¾i,N,O,U,N,-,-,-
tky,tky,N,O,U,N,-,-,-
Ġsme,ġsme,A,U,X,-,-,-,-
Ġza,ġza,V,E,R,B,-,-,-
pÃŃsali,pãńsali,V,E,R,B,-,-,-
Ġdo,ġdo,A,D,P,-,-,-,-
Ġden,ġden,N,O,U,N,-,-,-
nÃŃkov,nãńkov,N,O,U,N,-,-,-
.,.,P,U,N,C,T,-,-
Domov,domov,A,D,V,-,-,-,-
Ġsme,ġsme,A,U,X,-,-,-,-
Ġsa,ġsa,P,R,O,N,-,-,-
ĠvrÃ¡tili,ġvrã¡tili,V,E,R,B,-,-,-
ĠspokojnÃŃ,ġspokojnãń,A,D,J,-,-,-,-
.,.,P,U,N,C,T,-,-
Po,po,N,O,U,N,-,-,-
tul,tul,N,O,U,N,-,-,-
ky,ky,N,O,U,N,-,-,-
ĠprÃŃrodou,ġprãńrodou,N,O,U,N,-,-,-
ĠÄįasto,ġäįasto,A,D,V,-,-,-,-
ĠvyuÅ¾ÃŃvajÃº,ġvyuå¾ãńvajãº,V,E,R,B,-,-,-
ĠpsÃŃ,ġpsãń,N,O,U,N,-,-,-
Äįka,äįka,N,O,U,N,-,-,-
ri,ri,N,O,U,N,-,-,-
Ġa,ġa,C,C,O,N,J,-,-
Ġich,ġich,D,E,T,-,-,-,-
ĠmalÃ©,ġmalã©,A,D,J,-,-,-,-
ĠÄįi,ġäįi,C,C,O,N,J,-,-
ĠveÄ¾kÃ©,ġveä¾kã©,A,D,J,-,-,-,-
Ġpsy,ġpsy,N,O,U,N,-,-,-
.,.,P,U,N,C,T,-,-
PÃ¡n,pã¡n,N,O,U,N,-,-,-
mi,mi,N,O,U,N,-,-,-
Ġvzduchu,ġvzduchu,N,O,U,N,-,-,-
ĠsÃº,ġsãº,A,U,X,-,-,-,-
Ġor,ġor,N,O,U,N,-,-,-
ly,ly,N,O,U,N,-,-,-
",",",",C,C,O,N,J,-,-
Ġja,ġja,N,O,U,N,-,-,-
stra,stra,N,O,U,N,-,-,-
by,by,N,O,U,N,-,-,-
Ġalebo,ġalebo,C,C,O,N,J,-,-
Ġso,ġso,N,O,U,N,-,-,-
ko,ko,N,O,U,N,-,-,-
ly,ly,N,O,U,N,-,-,-
.,.,P,U,N,C,T,-,-
O,o,A,D,P,-,-,-,-
ĠmedveÄı,ġmedveäı,N,O,U,N,-,-,-
ovi,ovi,N,O,U,N,-,-,-
ĠvÅ¡ak,ġvå¡ak,P,A,R,T,-,-,-
ĠsnÃŃva,ġsnãńva,V,E,R,B,-,-,-
Ġasi,ġasi,P,A,R,T,-,-,-
ĠmÃ¡lokto,ġmã¡lokto,P,R,O,N,-,-,-
.,.,P,U,N,C,T,-,-
Les,les,N,O,U,N,-,-,-
Ġa,ġa,C,C,O,N,J,-,-
ĠprÃŃroda,ġprãńroda,N,O,U,N,-,-,-
Ġuk,ġuk,V,E,R,B,-,-,-
rÃ½vajÃº,rã½vajãº,V,E,R,B,-,-,-
ĠmnohÃ©,ġmnohã©,A,D,J,-,-,-,-
Ġdi,ġdi,N,O,U,N,-,-,-
vy,vy,N,O,U,N,-,-,-
",",",",C,C,O,N,J,-,-
ĠktorÃ©,ġktorã©,D,E,T,-,-,-,-
Ġsme,ġsme,A,U,X,-,-,-,-
ĠzatiaÄ¾,ġzatiaä¾,A,D,V,-,-,-,-
Ġneobjav,ġneobjav,V,E,R,B,-,-,-
ili,ili,V,E,R,B,-,-,-
.,.,P,U,N,C,T,-,-
V,v,A,D,P,-,-,-,-
Ġmok,ġmok,N,O,U,N,-,-,-
rad,rad,N,O,U,N,-,-,-
iach,iach,N,O,U,N,-,-,-
Ġs,ġs,A,D,P,-,-,-,-
ĠbohatÃ½m,ġbohatã½m,A,D,J,-,-,-,-
Ġpora,ġpora,N,O,U,N,-,-,-
stom,stom,N,O,U,N,-,-,-
ĠvodnÃ½ch,ġvodnã½ch,A,D,J,-,-,-,-
ĠrastlÃŃn,ġrastlãńn,N,O,U,N,-,-,-
ĠÅ¾ijÃº,ġå¾ijãº,V,E,R,B,-,-,-
ĠÅ¾,ġå¾,N,O,U,N,-,-,-
aby,aby,N,O,U,N,-,-,-
",",",",C,C,O,N,J,-,-
Ġhro,ġhro,N,O,U,N,-,-,-
chy,chy,N,O,U,N,-,-,-
Ġa,ġa,C,C,O,N,J,-,-
Ġkro,ġkro,N,O,U,N,-,-,-
ko,ko,N,O,U,N,-,-,-
dÃŃ,dãń,N,O,U,N,-,-,-
ly,ly,N,O,U,N,-,-,-
.,.,P,U,N,C,T,-,-
Oby,oby,N,O,U,N,-,-,-
vateÄ¾,vateä¾,N,O,U,N,-,-,-
mi,mi,N,O,U,N,-,-,-
Ġoce,ġoce,N,O,U,N,-,-,-
Ã¡nov,ã¡nov,N,O,U,N,-,-,-
ĠsÃº,ġsãº,A,U,X,-,-,-,-
Ġaj,ġaj,P,A,R,T,-,-,-
ĠveÄ¾,ġveä¾,N,O,U,N,-,-,-
ry,ry,N,O,U,N,-,-,-
by,by,N,O,U,N,-,-,-
",",",",C,C,O,N,J,-,-
Ġmed,ġmed,N,O,U,N,-,-,-
Ãº,ãº,N,O,U,N,-,-,-
zy,zy,N,O,U,N,-,-,-
Ġi,ġi,C,C,O,N,J,-,-
ĠÅ¾ralo,ġå¾ralo,N,O,U,N,-,-,-
ky,ky,N,O,U,N,-,-,-
.,.,P,U,N,C,T,-,-
Lo,lo,N,O,U,N,-,-,-
sy,sy,N,O,U,N,-,-,-
Ġa,ġa,C,C,O,N,J,-,-
Ġsob,ġsob,N,O,U,N,-,-,-
y,y,N,O,U,N,-,-,-
Ġzase,ġzase,A,D,V,-,-,-,-
Ġob,ġob,V,E,R,B,-,-,-
Ã½vajÃº,ã½vajãº,V,E,R,B,-,-,-
Ġtu,ġtu,N,O,U,N,-,-,-
nd,nd,N,O,U,N,-,-,-
ry,ry,N,O,U,N,-,-,-
.,.,P,U,N,C,T,-,-
VeÄ¾kÃ©,veä¾kã©,A,D,J,-,-,-,-
ĠÅ¥aÅ¾kosti,ġå¥aå¾kosti,N,O,U,N,-,-,-
Ġim,ġim,P,R,O,N,-,-,-
ĠspÃ´sobuje,ġspã´sobuje,V,E,R,B,-,-,-
Ġhmyz,ġhmyz,N,O,U,N,-,-,-
.,.,P,U,N,C,T,-,-
V,v,A,D,P,-,-,-,-
Ġzo,ġzo,A,D,J,-,-,-,-
ologickej,ologickej,A,D,J,-,-,-,-
ĠzÃ¡hrade,ġzã¡hrade,N,O,U,N,-,-,-
Ġsme,ġsme,A,U,X,-,-,-,-
Ġvideli,ġvideli,V,E,R,B,-,-,-
Ġ,ġ,P,U,N,C,T,-,-
Ġp,ġp,N,O,U,N,-,-,-
Å¡t,å¡t,N,O,U,N,-,-,-
ro,ro,N,O,U,N,-,-,-
sy,sy,N,O,U,N,-,-,-
",",",",C,C,O,N,J,-,-
Ġle,ġle,N,O,U,N,-,-,-
vy,vy,N,O,U,N,-,-,-
",",",",C,C,O,N,J,-,-
ĠÅ¾i,ġå¾i,N,O,U,N,-,-,-
ra,ra,N,O,U,N,-,-,-
fy,fy,N,O,U,N,-,-,-
",",",",C,C,O,N,J,-,-
Ġcudz,ġcudz,A,D,J,-,-,-,-
ok,ok,A,D,J,-,-,-,-
raj,raj,A,D,J,-,-,-,-
nÃ©,nã©,A,D,J,-,-,-,-
Ġ,ġ,P,U,N,C,T,-,-
ĠvtÃ¡ky,ġvtã¡ky,N,O,U,N,-,-,-
Ġi,ġi,C,C,O,N,J,-,-
ĠzÃºri,ġzãºri,A,D,J,-,-,-,-
vÃ©,vã©,A,D,J,-,-,-,-
Ġpsy,ġpsy,N,O,U,N,-,-,-
.,.,P,U,N,C,T,-,-
Pri,pri,A,D,P,-,-,-,-
Ġo,ġo,N,O,U,N,-,-,-
hrade,hrade,N,O,U,N,-,-,-
Ġza,ġza,V,E,R,B,-,-,-
vÃ½,vã½,V,E,R,B,-,-,-
jali,jali,V,E,R,B,-,-,-
Ġ,ġ,P,U,N,C,T,-,-
Ġbes,ġbes,A,D,J,-,-,-,-
nÃŃ,nãń,A,D,J,-,-,-,-
Ġpsi,ġpsi,N,O,U,N,-,-,-
Ġa,ġa,C,C,O,N,J,-,-
Ġ,ġ,P,U,N,C,T,-,-
ĠzÃºri,ġzãºri,A,D,J,-,-,-,-
vÃŃ,vãń,A,D,J,-,-,-,-
Ġvl,ġvl,N,O,U,N,-,-,-
ci,ci,N,O,U,N,-,-,-
.,.,P,U,N,C,T,-,-
RÃ¡no,rã¡no,A,D,V,-,-,-,-
Ġsa,ġsa,P,R,O,N,-,-,-
ĠE,ġe,P,R,O,P,N,-,-
ski,ski,P,R,O,P,N,-,-
mÃ¡,mã¡,P,R,O,P,N,-,-
ci,ci,P,R,O,P,N,-,-
ĠchystajÃº,ġchystajãº,V,E,R,B,-,-,-
Ġna,ġna,A,D,P,-,-,-,-
Ġlov,ġlov,N,O,U,N,-,-,-
Ġm,ġm,N,O,U,N,-,-,-
ro,ro,N,O,U,N,-,-,-
Å¾,å¾,N,O,U,N,-,-,-
ov,ov,N,O,U,N,-,-,-
.,.,P,U,N,C,T,-,-
Po,po,N,O,U,N,-,-,-
Ä¾ov,ä¾ov,N,O,U,N,-,-,-
nÃŃci,nãńci,N,O,U,N,-,-,-
ĠidÃº,ġidãº,V,E,R,B,-,-,-
Ġso,ġso,A,D,P,-,-,-,-
Ġsvojimi,ġsvojimi,D,E,T,-,-,-,-
Ġpsami,ġpsami,N,O,U,N,-,-,-
.,.,P,U,N,C,T,-,-
TÃŃto,tãńto,D,E,T,-,-,-,-
Ġpsi,ġpsi,N,O,U,N,-,-,-
ĠmajÃº,ġmajãº,V,E,R,B,-,-,-
ĠÄįasto,ġäįasto,A,D,V,-,-,-,-
Ġdo,ġdo,A,D,P,-,-,-,-
Ġkrvi,ġkrvi,N,O,U,N,-,-,-
Ġzod,ġzod,A,D,J,-,-,-,-
ratÃ©,ratã©,A,D,J,-,-,-,-
Ġpa,ġpa,N,O,U,N,-,-,-
pr,pr,N,O,U,N,-,-,-
Äįky,äįky,N,O,U,N,-,-,-
.,.,P,U,N,C,T,-,-
Pov,pov,N,O,U,N,-,-,-
etr,etr,N,O,U,N,-,-,-
ÃŃm,ãńm,A,D,V,-,-,-,-
Ġsa,ġsa,P,R,O,N,-,-,-
Ġoz,ġoz,V,E,R,B,-,-,-
Ã½vajÃº,ã½vajãº,V,E,R,B,-,-,-
Ġrado,ġrado,A,D,J,-,-,-,-
stnÃ©,stnã©,A,D,J,-,-,-,-
ĠvÃ½kri,ġvã½kri,N,O,U,N,-,-,-
ky,ky,N,O,U,N,-,-,-
Ġlov,ġlov,N,O,U,N,-,-,-
cov,cov,N,O,U,N,-,-,-
.,.,P,U,N,C,T,-,-
Umiest,umiest,N,O,U,N,-,-,-
ÅĪovanie,åīovanie,N,O,U,N,-,-,-
ĠreklÃ¡m,ġreklã¡m,N,O,U,N,-,-,-
Ġna,ġna,A,D,P,-,-,-,-
Ġmantine,ġmantine,N,O,U,N,-,-,-
ly,ly,N,O,U,N,-,-,-
ĠzimnÃ½ch,ġzimnã½ch,A,D,J,-,-,-,-
ĠÅ¡tadi,ġå¡tadi,N,O,U,N,-,-,-
Ã³nov,ã³nov,N,O,U,N,-,-,-
Ġje,ġje,A,U,X,-,-,-,-
ĠdobrÃ½m,ġdobrã½m,A,D,J,-,-,-,-
Ġmarketing,ġmarketing,A,D,J,-,-,-,-
ovÃ½m,ovã½m,A,D,J,-,-,-,-
ĠÅ¥ah,ġå¥ah,N,O,U,N,-,-,-
om,om,N,O,U,N,-,-,-
.,.,P,U,N,C,T,-,-
Na,na,A,D,P,-,-,-,-
Ġmantine,ġmantine,N,O,U,N,-,-,-
li,li,N,O,U,N,-,-,-
Ġvpravo,ġvpravo,A,D,V,-,-,-,-
Ġdomin,ġdomin,V,E,R,B,-,-,-
ovalo,ovalo,V,E,R,B,-,-,-
Ġlogo,ġlogo,N,O,U,N,-,-,-
ĠznÃ¡mej,ġznã¡mej,A,D,J,-,-,-,-
Ġautomobilky,ġautomobilky,N,O,U,N,-,-,-
.,.,P,U,N,C,T,-,-
V,v,A,D,P,-,-,-,-
Ġdecembri,ġdecembri,N,O,U,N,-,-,-
Ġna,ġna,A,D,P,-,-,-,-
Ġsvetovom,ġsvetovom,A,D,J,-,-,-,-
ĠÅ¡ampionÃ¡te,ġå¡ampionã¡te,N,O,U,N,-,-,-
Ġv,ġv,A,D,P,-,-,-,-
Ġkrasokor,ġkrasokor,N,O,U,N,-,-,-
Äįu,äįu,N,O,U,N,-,-,-
Ä¾ovanÃŃ,ä¾ovanãń,N,O,U,N,-,-,-
Ġmalo,ġmalo,V,E,R,B,-,-,-
Ġaj,ġaj,P,A,R,T,-,-,-
ĠSlovensko,ġslovensko,P,R,O,P,N,-,-
Ġv,ġv,A,D,P,-,-,-,-
ĠmedzinÃ¡rodnej,ġmedzinã¡rodnej,A,D,J,-,-,-,-
Ġskupine,ġskupine,N,O,U,N,-,-,-
Ġsvojho,ġsvojho,D,E,T,-,-,-,-
ĠzÃ¡stupcu,ġzã¡stupcu,N,O,U,N,-,-,-
.,.,P,U,N,C,T,-,-
Zahrani,zahrani,A,D,J,-,-,-,-
ÄįnÃŃ,äįnãń,A,D,J,-,-,-,-
ĠpretekÃ¡ri,ġpretekã¡ri,N,O,U,N,-,-,-
",",",",C,C,O,N,J,-,-
ĠtrÃ©neri,ġtrã©neri,N,O,U,N,-,-,-
Ġaj,ġaj,C,C,O,N,J,-,-
ĠnovinÃ¡ri,ġnovinã¡ri,N,O,U,N,-,-,-
Ġboli,ġboli,A,U,X,-,-,-,-
ĠubytovanÃŃ,ġubytovanãń,A,D,J,-,-,-,-
Ġv,ġv,A,D,P,-,-,-,-
Ġnovom,ġnovom,A,D,J,-,-,-,-
Ġhoteli,ġhoteli,N,O,U,N,-,-,-
.,.,P,U,N,C,T,-,-
Od,od,A,D,P,-,-,-,-
Ġdomova,ġdomova,N,O,U,N,-,-,-
Ġich,ġich,P,R,O,N,-,-,-
Ġde,ġde,V,E,R,B,-,-,-
lili,lili,V,E,R,B,-,-,-
Ġkilometre,ġkilometre,N,O,U,N,-,-,-
.,.,P,U,N,C,T,-,-
V,v,A,D,P,-,-,-,-
ĠareÃ¡li,ġareã¡li,N,O,U,N,-,-,-
Ġhotela,ġhotela,N,O,U,N,-,-,-
Ġsa,ġsa,P,R,O,N,-,-,-
Ġposkyt,ġposkyt,V,E,R,B,-,-,-
ovali,ovali,V,E,R,B,-,-,-
ĠrÃ´zne,ġrã´zne,A,D,J,-,-,-,-
ĠsluÅ¾by,ġsluå¾by,N,O,U,N,-,-,-
",",",",C,C,O,N,J,-,-
ĠktorÃ©,ġktorã©,D,E,T,-,-,-,-
Ġhostia,ġhostia,N,O,U,N,-,-,-
Ġradi,ġradi,A,D,J,-,-,-,-
ĠvyuÅ¾ÃŃvali,ġvyuå¾ãńvali,V,E,R,B,-,-,-
.,.,P,U,N,C,T,-,-
V,v,A,D,P,-,-,-,-
Ġk,ġk,N,O,U,N,-,-,-
inos,inos,N,O,U,N,-,-,-
Ã¡le,ã¡le,N,O,U,N,-,-,-
Ġbol,ġbol,V,E,R,B,-,-,-
ĠnajvÃ¤ÄįÅ¡ÃŃ,ġnajvã¤äįå¡ãń,A,D,J,-,-,-,-
ĠzÃ¡ujem,ġzã¡ujem,N,O,U,N,-,-,-
Ġo,ġo,A,D,P,-,-,-,-
Ġtri,ġtri,N,O,U,N,-,-,-
lery,lery,N,O,U,N,-,-,-
",",",",C,C,O,N,J,-,-
ĠinÃ©,ġinã©,D,E,T,-,-,-,-
ĠfilmovÃ©,ġfilmovã©,A,D,J,-,-,-,-
ĠÅ¾Ã¡n,ġå¾ã¡n,N,O,U,N,-,-,-
re,re,N,O,U,N,-,-,-
Ġsa,ġsa,P,R,O,N,-,-,-
Ġnete,ġnete,V,E,R,B,-,-,-
Å¡ili,å¡ili,V,E,R,B,-,-,-
ĠveÄ¾kej,ġveä¾kej,A,D,J,-,-,-,-
ĠobÄ¾ube,ġobä¾ube,N,O,U,N,-,-,-
.,.,P,U,N,C,T,-,-
V,v,A,D,P,-,-,-,-
ĠposilÅĪov,ġposilåīov,N,O,U,N,-,-,-
niach,niach,N,O,U,N,-,-,-
Ġsa,ġsa,P,R,O,N,-,-,-
ĠvyuÅ¾ÃŃvali,ġvyuå¾ãńvali,V,E,R,B,-,-,-
ĠnajmÃ¤,ġnajmã¤,P,A,R,T,-,-,-
Ġstacion,ġstacion,A,D,J,-,-,-,-
Ã¡rne,ã¡rne,A,D,J,-,-,-,-
Ġbicykle,ġbicykle,N,O,U,N,-,-,-
.,.,P,U,N,C,T,-,-
Luxus,luxus,A,D,J,-,-,-,-
nÃº,nãº,A,D,J,-,-,-,-
ĠkaviareÅĪ,ġkaviareåī,N,O,U,N,-,-,-
Ġosvet,ġosvet,V,E,R,B,-,-,-
Ä¾ovali,ä¾ovali,V,E,R,B,-,-,-
ĠmodernÃ©,ġmodernã©,A,D,J,-,-,-,-
Ġlu,ġlu,N,O,U,N,-,-,-
stre,stre,N,O,U,N,-,-,-
Ġa,ġa,C,C,O,N,J,-,-
ĠprÃŃjemnÃº,ġprãńjemnãº,A,D,J,-,-,-,-
ĠatmosfÃ©ru,ġatmosfã©ru,N,O,U,N,-,-,-
Ġdo,ġdo,V,E,R,B,-,-,-
tvÃ¡ra,tvã¡ra,V,E,R,B,-,-,-
la,la,V,E,R,B,-,-,-
Ġtich,ġtich,A,D,J,-,-,-,-
Ã¡,ã¡,A,D,J,-,-,-,-
Ġhudba,ġhudba,N,O,U,N,-,-,-
Ġhra,ġhra,A,D,J,-,-,-,-
nÃ¡,nã¡,A,D,J,-,-,-,-
Ġna,ġna,A,D,P,-,-,-,-
ĠklavÃŃ,ġklavãń,N,O,U,N,-,-,-
ri,ri,N,O,U,N,-,-,-
.,.,P,U,N,C,T,-,-
V,v,A,D,P,-,-,-,-
ĠzÃ¡vere,ġzã¡vere,N,O,U,N,-,-,-
Ġpretekov,ġpretekov,N,O,U,N,-,-,-
Ġbolo,ġbolo,V,E,R,B,-,-,-
Ġstretnutie,ġstretnutie,N,O,U,N,-,-,-
ĠnajlepÅ¡ÃŃch,ġnajlepå¡ãńch,A,D,J,-,-,-,-
Ġskok,ġskok,N,O,U,N,-,-,-
anov,anov,N,O,U,N,-,-,-
.,.,P,U,N,C,T,-,-
SlovenskÃŃ,slovenskãń,A,D,J,-,-,-,-
Ġkrasokor,ġkrasokor,N,O,U,N,-,-,-
Äįul,äįul,N,O,U,N,-,-,-
ia,ia,N,O,U,N,-,-,-
ri,ri,N,O,U,N,-,-,-
Ġmedaily,ġmedaily,N,O,U,N,-,-,-
ĠsÃŃce,ġsãńce,C,C,O,N,J,-,-
ĠnezÃŃ,ġnezãń,V,E,R,B,-,-,-
skali,skali,V,E,R,B,-,-,-
",",",",C,C,O,N,J,-,-
Ġno,ġno,C,C,O,N,J,-,-
ĠnemoÅ¾no,ġnemoå¾no,V,E,R,B,-,-,-
ĠhovoriÅ¥,ġhovoriå¥,V,E,R,B,-,-,-
Ġani,ġani,C,C,O,N,J,-,-
Ġo,ġo,A,D,P,-,-,-,-
Ġich,ġich,D,E,T,-,-,-,-
Ġde,ġde,N,O,U,N,-,-,-
bak,bak,N,O,U,N,-,-,-
li,li,N,O,U,N,-,-,-
.,.,P,U,N,C,T,-,-
K,k,N,O,U,N,-,-,-
lÃŃm,lãńm,N,O,U,N,-,-,-
a,a,N,O,U,N,-,-,-
Ġna,ġna,A,D,P,-,-,-,-
ĠnaÅ¡ej,ġnaå¡ej,D,E,T,-,-,-,-
Ze,ze,N,O,U,N,-,-,-
mi,mi,N,O,U,N,-,-,-
Ġsa,ġsa,P,R,O,N,-,-,-
ĠneustÃ¡le,ġneustã¡le,A,D,V,-,-,-,-
ĠmenÃŃ,ġmenãń,V,E,R,B,-,-,-
Ġa,ġa,C,C,O,N,J,-,-
ĠvyvÃŃja,ġvyvãńja,V,E,R,B,-,-,-
.,.,P,U,N,C,T,-,-
Na,na,A,D,P,-,-,-,-
Ġklima,ġklima,A,D,J,-,-,-,-
tickÃ½,tickã½,A,D,J,-,-,-,-
ĠsystÃ©m,ġsystã©m,N,O,U,N,-,-,-
Ġvpl,ġvpl,V,E,R,B,-,-,-
Ã½vajÃº,ã½vajãº,V,E,R,B,-,-,-
ĠprÃŃrodnÃ©,ġprãńrodnã©,A,D,J,-,-,-,-
Ġ,ġ,P,U,N,C,T,-,-
Ġprocesy,ġprocesy,N,O,U,N,-,-,-
Ġ,ġ,P,U,N,C,T,-,-
Ġa,ġa,C,C,O,N,J,-,-
ĠrÃ´zne,ġrã´zne,A,D,J,-,-,-,-
Ġ,ġ,P,U,N,C,T,-,-
Ġfaktory,ġfaktory,N,O,U,N,-,-,-
.,.,P,U,N,C,T,-,-
V,v,A,D,P,-,-,-,-
ĠposlednÃ½ch,ġposlednã½ch,A,D,J,-,-,-,-
ĠstoroÄįia,ġstoroäįia,N,O,U,N,-,-,-
ch,ch,N,O,U,N,-,-,-
Ġsa,ġsa,P,R,O,N,-,-,-
Ġk,ġk,A,D,P,-,-,-,-
ĠtÃ½mto,ġtã½mto,D,E,T,-,-,-,-
Ġprocesom,ġprocesom,N,O,U,N,-,-,-
ĠpridÃ¡va,ġpridã¡va,V,E,R,B,-,-,-
Ġaj,ġaj,P,A,R,T,-,-,-
ĠsamotnÃ½,ġsamotnã½,A,D,J,-,-,-,-
ĠÄįlovek,ġäįlovek,N,O,U,N,-,-,-
Ġsvojou,ġsvojou,D,E,T,-,-,-,-
ĠÄįinnosÅ¥ou,ġäįinnoså¥ou,N,O,U,N,-,-,-
.,.,P,U,N,C,T,-,-
ZvyÅ¡,zvyå¡,V,E,R,B,-,-,-
uje,uje,V,E,R,B,-,-,-
ĠkoncentrÃ¡ciu,ġkoncentrã¡ciu,N,O,U,N,-,-,-
Ġradia,ġradia,A,D,V,-,-,-,-
Äįne,äįne,A,D,V,-,-,-,-
ĠaktÃŃvnych,ġaktãńvnych,A,D,J,-,-,-,-
Ġplynov,ġplynov,N,O,U,N,-,-,-
Ġ,ġ,P,U,N,C,T,-,-
ĠatmosfÃ©ry,ġatmosfã©ry,N,O,U,N,-,-,-
",",",",P,U,N,C,T,-,-
Ġa,ġa,C,C,O,N,J,-,-
ĠtÃ½m,ġtã½m,A,D,V,-,-,-,-
Ġprispieva,ġprispieva,V,E,R,B,-,-,-
Ġk,ġk,A,D,P,-,-,-,-
Ġzosil,ġzosil,N,O,U,N,-,-,-
ÅĪovaniu,åīovaniu,N,O,U,N,-,-,-
ĠsklenÃŃ,ġsklenãń,A,D,J,-,-,-,-
kovÃ©ho,kovã©ho,A,D,J,-,-,-,-
Ġ,ġ,P,U,N,C,T,-,-
Ġefektu,ġefektu,N,O,U,N,-,-,-
.,.,P,U,N,C,T,-,-
K,k,N,O,U,N,-,-,-
ro,ro,N,O,U,N,-,-,-
niky,niky,N,O,U,N,-,-,-
ĠobsahujÃº,ġobsahujãº,V,E,R,B,-,-,-
ĠzÃ¡znamy,ġzã¡znamy,N,O,U,N,-,-,-
Ġo,ġo,A,D,P,-,-,-,-
Ġmimoriadnych,ġmimoriadnych,A,D,J,-,-,-,-
Ġja,ġja,N,O,U,N,-,-,-
voch,voch,N,O,U,N,-,-,-
ĠpoÄįasia,ġpoäįasia,N,O,U,N,-,-,-
Ġa,ġa,C,C,O,N,J,-,-
ĠklÃŃmy,ġklãńmy,N,O,U,N,-,-,-
",",",",C,C,O,N,J,-,-
Ġo,ġo,A,D,P,-,-,-,-
Ġstave,ġstave,N,O,U,N,-,-,-
Ġriek,ġriek,N,O,U,N,-,-,-
Ġa,ġa,C,C,O,N,J,-,-
ĠÃºrody,ġãºrody,N,O,U,N,-,-,-
.,.,P,U,N,C,T,-,-
V,v,A,D,P,-,-,-,-
Ġ,ġ,P,U,N,C,T,-,-
Ġstredoveku,ġstredoveku,N,O,U,N,-,-,-
Ġ,ġ,P,U,N,C,T,-,-
Ġsa,ġsa,P,R,O,N,-,-,-
Ġ,ġ,P,U,N,C,T,-,-
Ġz,ġz,A,D,P,-,-,-,-
ĠpÃŃsom,ġpãńsom,A,D,J,-,-,-,-
nÃ½ch,nã½ch,A,D,J,-,-,-,-
Ġ,ġ,P,U,N,C,T,-,-
ĠhistorickÃ½ch,ġhistorickã½ch,A,D,J,-,-,-,-
Ġ,ġ,P,U,N,C,T,-,-
ĠprameÅĪov,ġprameåīov,N,O,U,N,-,-,-
Ġ,ġ,P,U,N,C,T,-,-
Ġo,ġo,X,-,-,-,-,-,-
Ġ,ġ,P,U,N,C,T,-,-
ĠpoÄįasÃŃ,ġpoäįasãń,N,O,U,N,-,-,-
Ġ,ġ,P,U,N,C,T,-,-
Ġdozvieme,ġdozvieme,V,E,R,B,-,-,-
Ġiba,ġiba,P,A,R,T,-,-,-
ĠmÃ¡lo,ġmã¡lo,A,D,V,-,-,-,-
.,.,P,U,N,C,T,-,-
Ich,ich,D,E,T,-,-,-,-
ĠpoÄįet,ġpoäįet,N,O,U,N,-,-,-
Ġ,ġ,P,U,N,C,T,-,-
ĠvzrÃ¡stol,ġvzrã¡stol,V,E,R,B,-,-,-
ĠaÅ¾,ġaå¾,P,A,R,T,-,-,-
Ġv,ġv,A,D,P,-,-,-,-
Ġ16,ġ16,N,U,M,-,-,-,-
.,.,N,U,M,-,-,-,-
Ġ,ġ,P,U,N,C,T,-,-
(,(,P,U,N,C,T,-,-
Å¡e,å¡e,A,D,J,-,-,-,-
stnÃ¡,stnã¡,N,U,M,-,-,-,-
stom,stom,N,U,M,-,-,-,-
),),P,U,N,C,T,-,-
ĠstoroÄįÃŃ,ġstoroäįãń,N,O,U,N,-,-,-
.,.,P,U,N,C,T,-,-
ZÃ¡,zã¡,N,O,U,N,-,-,-
slu,slu,N,O,U,N,-,-,-
hu,hu,N,O,U,N,-,-,-
Ġna,ġna,A,D,P,-,-,-,-
Ġtom,ġtom,D,E,T,-,-,-,-
ĠmajÃº,ġmajãº,V,E,R,B,-,-,-
Ġhlavne,ġhlavne,P,A,R,T,-,-,-
ĠmnÃŃ,ġmnãń,N,O,U,N,-,-,-
si,si,N,O,U,N,-,-,-
",",",",P,U,N,C,T,-,-
Ġ,ġ,P,U,N,C,T,-,-
ĠuÄįitelia,ġuäįitelia,N,O,U,N,-,-,-
Ġa,ġa,C,C,O,N,J,-,-
Ġmest,ġmest,A,D,J,-,-,-,-
skÃŃ,skãń,A,D,J,-,-,-,-
Ġ,ġ,P,U,N,C,T,-,-
Ġkro,ġkro,N,O,U,N,-,-,-
ni,ni,N,O,U,N,-,-,-
kÃ¡ri,kã¡ri,N,O,U,N,-,-,-
.,.,P,U,N,C,T,-,-
Na,na,A,D,P,-,-,-,-
Ġ,ġ,P,U,N,C,T,-,-
ĠniektorÃ½ch,ġniektorã½ch,D,E,T,-,-,-,-
Ġ,ġ,P,U,N,C,T,-,-
Ġmiestach,ġmiestach,N,O,U,N,-,-,-
ĠSa,ġsa,P,R,O,P,N,-,-
har,har,P,R,O,P,N,-,-
y,y,P,R,O,P,N,-,-
Ġsa,ġsa,P,R,O,N,-,-,-
Ġzachovali,ġzachovali,V,E,R,B,-,-,-
Ġjasky,ġjasky,A,D,J,-,-,-,-
n,n,A,D,J,-,-,-,-
nÃ©,nã©,A,D,J,-,-,-,-
ĠmaÄ¾by,ġmaä¾by,N,O,U,N,-,-,-
",",",",C,C,O,N,J,-,-
Ġna,ġna,A,D,P,-,-,-,-
ĠktorÃ½ch,ġktorã½ch,D,E,T,-,-,-,-
ĠsÃº,ġsãº,A,U,X,-,-,-,-
Ġzachy,ġzachy,A,D,J,-,-,-,-
tenÃ©,tenã©,A,D,J,-,-,-,-
Ġle,ġle,N,O,U,N,-,-,-
vy,vy,N,O,U,N,-,-,-
",",",",C,C,O,N,J,-,-
Ġslo,ġslo,N,O,U,N,-,-,-
ny,ny,N,O,U,N,-,-,-
",",",",C,C,O,N,J,-,-
Ġby,ġby,N,O,U,N,-,-,-
voly,voly,N,O,U,N,-,-,-
",",",",C,C,O,N,J,-,-
Ġstromy,ġstromy,N,O,U,N,-,-,-
Ġa,ġa,C,C,O,N,J,-,-
ĠtrÃ¡va,ġtrã¡va,N,O,U,N,-,-,-
.,.,P,U,N,C,T,-,-
Od,od,A,D,P,-,-,-,-
Ġ,ġ,P,U,N,C,T,-,-
Ġ17,ġ17,N,U,M,-,-,-,-
.,.,N,U,M,-,-,-,-
Ġ,ġ,P,U,N,C,T,-,-
Ġ,ġ,P,U,N,C,T,-,-
(,(,P,U,N,C,T,-,-
sedem,sedem,A,D,J,-,-,-,-
nÃ¡,nã¡,A,D,J,-,-,-,-
steho,steho,A,D,J,-,-,-,-
),),P,U,N,C,T,-,-
ĠstoroÄįia,ġstoroäįia,N,O,U,N,-,-,-
Ġ,ġ,P,U,N,C,T,-,-
Ġsa,ġsa,P,R,O,N,-,-,-
Ġ,ġ,P,U,N,C,T,-,-
Ġvo,ġvo,A,D,P,-,-,-,-
Ġ,ġ,P,U,N,C,T,-,-
Ġsvete,ġsvete,N,O,U,N,-,-,-
ĠzaÄįÃŃnajÃº,ġzaäįãńnajãº,V,E,R,B,-,-,-
Ġ,ġ,P,U,N,C,T,-,-
ĠvykonÃ¡vaÅ¥,ġvykonã¡vaå¥,V,E,R,B,-,-,-
Ġ,ġ,P,U,N,C,T,-,-
ĠplÃ¡nov,ġplã¡nov,A,D,J,-,-,-,-
itÃ©,itã©,A,D,J,-,-,-,-
Ġ,ġ,P,U,N,C,T,-,-
Ġpozorovania,ġpozorovania,N,O,U,N,-,-,-
Ġpomocou,ġpomocou,A,D,P,-,-,-,-
ĠprÃŃstrojov,ġprãństrojov,N,O,U,N,-,-,-
.,.,P,U,N,C,T,-,-
Kli,kli,N,O,U,N,-,-,-
ma,ma,N,O,U,N,-,-,-
tolÃ³g,tolã³g,N,O,U,N,-,-,-
ovia,ovia,N,O,U,N,-,-,-
ĠdokÃ¡Å¾u,ġdokã¡å¾u,V,E,R,B,-,-,-
Ġv,ġv,A,D,P,-,-,-,-
ĠsÃºÄįasnosti,ġsãºäįasnosti,N,O,U,N,-,-,-
ĠodhadnÃºÅ¥,ġodhadnãºå¥,V,E,R,B,-,-,-
ĠmoÅ¾nÃ½,ġmoå¾nã½,A,D,J,-,-,-,-
ĠvÃ½voj,ġvã½voj,N,O,U,N,-,-,-
Ġpodne,ġpodne,N,O,U,N,-,-,-
bia,bia,N,O,U,N,-,-,-
.,.,P,U,N,C,T,-,-
PouÅ¾ÃŃ,pouå¾ãń,V,E,R,B,-,-,-
vajÃº,vajãº,V,E,R,B,-,-,-
Ġk,ġk,A,D,P,-,-,-,-
Ġtomu,ġtomu,D,E,T,-,-,-,-
ĠpoÄįÃŃtaÄįovÃ©,ġpoäįãńtaäįovã©,A,D,J,-,-,-,-
Ġmodely,ġmodely,N,O,U,N,-,-,-
ĠklÃŃmy,ġklãńmy,N,O,U,N,-,-,-
.,.,P,U,N,C,T,-,-
Naj,naj,A,D,J,-,-,-,-
vÃ½znam,vã½znam,A,D,J,-,-,-,-
nejÅ¡ie,nejå¡ie,A,D,J,-,-,-,-
Ġ,ġ,P,U,N,C,T,-,-
Ġmeteoro,ġmeteoro,A,D,J,-,-,-,-
logickÃ©,logickã©,A,D,J,-,-,-,-
Ġ,ġ,P,U,N,C,T,-,-
Ġobser,ġobser,N,O,U,N,-,-,-
vat,vat,N,O,U,N,-,-,-
Ã³rium,ã³rium,N,O,U,N,-,-,-
Ġna,ġna,A,D,P,-,-,-,-
ĠSlovensku,ġslovensku,P,R,O,P,N,-,-
Ġje,ġje,V,E,R,B,-,-,-
Ġv,ġv,A,D,P,-,-,-,-
ĠHur,ġhur,P,R,O,P,N,-,-
b,b,P,R,O,P,N,-,-
anove,anove,P,R,O,P,N,-,-
.,.,P,U,N,C,T,-,-
